Ticker,Name
A,Agilent Technologies 
AA,Alcoa 
AAME,Atlantic American 
AAN,Aaron's 
AAON,AAON 
AAP,Advance Auto Parts 
AAT,American Assets Trust 
AAPL,Apple 
AAWW,Atlas Air Worldwide  
ABAX,Abaxis 
ABC,AmerisourceBergen 
ABCB,Ameris Bancorp
ABCD,Cambium Learning  
ABCO,The Advisory Board 
AB,AllianceBernstein Holding L.P.
ABFS,Arkansas Best 
ABG,Asbury Automotive  
ABIO,ARCA biopharma 
ABM,ABM Industries Incorporated
ABMC,American Bio Medica 
ABMD,ABIOMED 
ABPI,Accentia Biopharmaceuticals 
ABT,Abbott Laboratories
ABTL,Autobytel 
ACAD,ACADIA Pharmaceuticals 
ACAT,Arctic Cat 
ABR,Arbor Realty Trust 
ACC,American Campus Communities 
ACCL,Accelrys 
ACE,ACE Limited
ACEL,Tamir Biotechnology 
ACET,Aceto 
ACFC,Atlantic Coast Financial 
ACFN,Acorn Energy 
ACCO,ACCO Brands 
ACGL,Arch Capital  
ACHC,Acadia Healthcare  
ACHN,Achillion Pharmaceuticals 
ACI,Arch Coal 
ACIW,ACI Worldwide 
ACM,AECOM Technology 
ACLS,Axcelis Technologies 
ACMP,Access Midstream Partners L.P.
ACN,Accenture plc
ACNB,ACNB 
ACO,AMCOL International 
ACOR,Acorda Therapeutics 
ACPW,Active Power 
ACRE,Ares Commercial Real Estate 
ACRX,AcelRx Pharmaceuticals 
ACTG,Acacia Research 
ACU,Acme United 
ACUR,Acura Pharmaceuticals 
ACW,Accuride 
ACXM,Acxiom 
ACY,AeroCentury 
ADAT,Authentidate Holding 
ADBE,Adobe Systems 
ADC,Agree Realty 
ADEP,Adept Technology 
ADES,Advanced Emissions Solutions 
ADI,Analog Devices 
ADK,AdCare Health Systems 
ADM,Archer Daniels Midland 
ADNC,Audience 
ADP,Automatic Data Processing 
ADS,Alliance Data Systems 
ADSK,Autodesk 
ADT,The ADT 
ADUS,Addus HomeCare 
ADTN,ADTRAN 
ADVS,Advent Software 
AE,Adams Resources & Energy 
AEC,Associated Estates Realty 
AEE,Ameren 
AEGN,Aegion 
AEGR,Aegerion Pharmaceuticals 
AEHR,Aehr Test Systems
AEIS,Advanced Energy Industries 
AEL,American Equity Investment Life Holding 
AEO,American Eagle Outfitters 
AEP,American Electric Power  
AEPI,AEP Industries 
AERG,Applied Energetics 
AES,The AES 
AET,Aetna 
AERT,Advanced Environmental Recycling Technologies 
AETI,American Electric Technologies Inc
AF,Astoria Financial 
AEY,ADDvantage Technologies  
AFA,American Financial  
AFAM,Almost Family 
AFCB,Athens Bancshares 
AFCE,AFC Enterprises 
AFFM,Affirmative Insurance  
AFFX,Affymetrix 
AFFY,Affymax 
AFH,Atlas Financial  
AFG,American Financial  
AFL,AFLAC 
AFM,Affiliated Managers  
AFOP,Alliance Fiber Optic Products 
AFSI,AmTrust Financial Services 
AGCO,AGCO 
AGEN,Agenus 
AGII,Argo  International  
AGIIL,Argo  International Holdin
AGM,Federal Agricultural Mortgage 
AGN,Allergan 
AGNC,American Capital Agency 
AGO,Assured Guaranty 
AGNCP,American Capital Agency 
AGX,Argan 
AGYS,Agilysys 
AHC,A. H. Belo 
AHGP,Alliance  GP L.P.
AHL,Aspen Insurance  
AHPI,Allied Healthcare Products 
AHS,AMN Healthcare Services 
AHT,Ashford Hospitality Trust 
AI,Arlington Asset Investment 
AIG,American International  
AIMC,Altra Industrial Motion 
AIQ,Alliance Healthcare Services 
AIR,AAR 
AIRM,Air Methods 
AIRT,Air T 
AIT,Applied Industrial Technologies 
AIV,Apartment Investment and Management 
AIZ,Assurant 
AJG,Arthur J Gallagher & 
AKR,Acadia Realty Trust
AKAM,Akamai Technologies 
AKRX,Akorn 
AKS,AK Steel Holding 
ALB,Albemarle 
ALCO,Alico 
ALCS,ALCO Stores 
ALE,ALLETE 
ALGT,Allegiant Travel 
ALIM,Alimera Sciences 
ALGN,Align Technology 
ALJ,Alon USA Energy 
ALK,Alaska Air  
ALKS,Alkermes plc
ALL,The Allstate 
ALG,Alamo  
ALEX,Alexander & Baldwin 
ALLB,Alliance Bancorp Inc of Pennsylvania
ALOG,Analogic 
ALNY,Alnylam Pharmaceuticals 
ALR,Alere 
ALOT,Astro-Med 
ALSE,Alseres Pharmaceuticals 
ALSK,Alaska Communications Systems  
ALSN,Allison Transmission  
ALTI,Altair Nanotechnologies 
ALV,Autoliv 
ALTR,Altera 
ALXA,Alexza Pharmaceuticals 
ALXN,Alexion Pharmaceuticals 
AMAG,AMAG Pharmaceuticals 
AMAT,Applied Materials 
ALX,Alexander's 
AMBA,Ambarella 
AMBT,Ambient 
AMCC,Applied Micro Circuits 
AMCF,Andatee China Marine Fuel Services 
AMCX,AMC Networks 
AMD,Advanced Micro Devices 
AME,Ametek 
AMED,Amedisys 
AMG,Affiliated Managers  
AMGN,Amgen 
AMIC,American Independence 
AMID,American Midstream Partners LP
AMIN,American International Industries 
AMKR,Amkor Technology 
AMNB,American National Bankshares 
AMOT,Allied Motion Technologies 
AMP,Ameriprise Financial 
AMPE,Ampio Pharmaceuticals 
AMRB,American River Bankshares
AMRC,Ameresco 
AMRE,AmREIT 
AMRI,Albany Molecular Research 
AMRS,Amyris 
AMSC,American Superconductor 
AMSF,Amerisafe 
AMS,American Shared Hospital Services
AMSG,AmSurg 
AMSWA,American Software 
AMT,American Tower 
AMTD,TD Ameritrade Holding 
AMTG,Apollo Residential Mortgage 
AMTY,Amerityre 
AMWD,American Woodmark 
AN,AutoNation 
ANAC,Anacor Pharmaceuticals 
AMZN,Amazon.com 
ANAD,Anadigics 
ANAT,American National Insurance 
ANCB,Anchor Bancorp
ANCX,Access National 
ANDA,Tecnoglass 
ANDAU,Andina Acquisition 
ANDAW,Andina Acquisition 
ANEN,Anaren 
ANGI,Angie's List 
ANF,Abercrombie & Fitch 
ANGO,AngioDynamics 
ANIK,Anika Therapeutics 
ANLY,Analysts International 
ANDE,The Andersons 
ANN,ANN INC.
ANH,Anworth Mortgage Asset 
ANR,Alpha Natural Resources 
ANSS,Ansys 
ANTH,Anthera Pharmaceuticals 
ANTP,PHAZAR CORP
ANV,Allied Nevada Gold 
AOL,AOL 
AOS,AO Smith 
AOSL,Alpha & Omega Semiconductor 
AP,Ampco-Pittsburgh 
APA,Apache 
APAGF,Apco Oil & Gas International 
APAM,Artisan Partners Asset Management 
APC,Anadarko Petroleum 
APD,Air Products & Chemicals 
APEI,American Public Education 
APFC,American Pacific 
APH,Amphenol 
API,Advanced Photonix 
APO,Apollo Global Management LLC
APOG,Apogee Enterprises 
APL,Atlas Pipeline Partners L.P.
APP,American Apparel 
APOL,Apollo Education  
APPY,Venaxis 
APRI,Apricus Biosciences 
APU,AmeriGas Partners LP
APT,Alpha Pro Tech 
ARAY,Accuray Incorporated
ARCI,Appliance Recycling Centers of America 
AOI,Alliance One International 
ANCI,American Caresource  
ARCP,American Realty Capital Properties 
ARCW,ARC  Worldwide 
ARDM,Aradigm 
ARDNA,Arden  
AREX,Approach Resources 
ARI,Apollo Commercial Real Estate Finance 
ARII,American Railcar Industries 
ARKR,Ark Restaurants 
ARL,American Realty Investors 
ARLP,Alliance Resource Partners LP
ARNA,Arena Pharmaceuticals 
AQQ,American Spectrum Realty 
AROW,Arrow Financial 
ARP,Atlas Resource Partners L.P.
ARQL,ArQule 
ARR,ARMOUR Residential REIT 
ARRS,ARRIS  
ARRY,Array BioPharma 
ARTC,ArthroCare 
ARTNA,Artesian Resources 
ARTW,Art's-Way Manufacturing  
ARE,Alexandria Real Estate Equities 
ARTX,Arotech 
ARUN,Aruba Networks 
ARW,Arrow Electronics 
ARWR,Arrowhead Research 
ASBB,ASB Bancorp 
ASBC,Associated Banc-Corp
ASBCW,Associated Banc-Corp
ARSD,Arabian American Development 
ASBI,Ameriana Bancorp
ASCA,Ameristar Casinos 
ASCMA,Ascent Capital  
ASEI,American Science & Engineering 
ARG,Airgas 
ARX,Aeroflex Holding 
ASH,Ashland 
ASIA,AsiaInfo-Linkage 
ASNA,Ascena Retail  
ASPS,Altisource Portfolio Solutions S.A.
ASTC,Astrotech 
ASTE,Astec Industries 
ASTI,Ascent Solar Technologies 
ASRV,AmeriServ Financial 
ASUR,Asure Software 
ASYS,Amtech Systems 
ATEA,Astea International 
ATEC,Alphatec  
ATHN,athenahealth 
ATHX,Athersys 
ATK,Alliant Techsystems 
ATI,Allegheny Technologies 
ATLC,Atlanticus  
ATMI,ATMI 
ATML,Atmel 
ATNI,Atlantic Tele-Network 
ASTM,Aastrom Biosciences 
ATNY,API Technologies 
ATO,Atmos Energy 
ATOS,Atossa Genetics 
ATR,Aptar 
ATLO,Ames National 
ATRM,Aetrium 
ATRO,Astronics 
ATRS,Antares Pharma 
ATRC,AtriCure 
ATU,Actuant 
ATRI,ATRION 
ARO,A
ASFI,Asta Funding 
ATVI,Activision Blizzard 
ATW,Atwood Oceanics 
ARIA,Ariad Pharmaceuticals 
ATX,Costa 
AUBN,Auburn National Bancorporation 
AUXL,Auxilium Pharmaceuticals 
AVA,Avista 
AVAV,AeroVironment 
AVB,Avalonbay Communities 
AVEO,AVEO Pharmaceuticals 
AVHI,AV Homes 
AVNR,Avanir Pharmaceuticals 
AVID,Avid Technology 
AVGO,Avago Technologies Limited
AVNW,Aviat Networks 
AVP,Avon Products 
AVSR,Avistar Communications 
AVT,Avnet 
AVX,AVX 
AVY,Avery Dennison 
AWAY,HomeAway 
AWH,Allied World Assurance   AG
AWI,Armstrong World Industries 
AWK,American Water Works  
AWRE,Aware 
AWX,Avalon  
AXAS,Abraxas Petroleum 
AXDX,Accelerate Diagnostics 
AXE,Anixter International 
AXL,American Axle & Manufacturing  
AXLL,Axiall 
AXN,Aoxing Pharmaceutical  
AXP,American Express 
AXR,AMREP 
AXS,AXIS Capital  Limited
AXTI,AXT 
AYI,Acuity Brands 
AZO,AutoZone 
AZPN,Aspen Technology 
B,Barnes  
AZZ,AZZ incorporated
BA,The Boeing 
BABY,Natus Medical 
BAC,Bank of America 
BAGL,Einstein Noah Restaurant  
BAGR,Diversified Restaurant  
BAH,Booz Allen Hamilton Holding 
BAMM,Books-A-Million 
BANF,BancFirst 
BANC,Banc of California 
BANR,Banner 
BAS,Basic Energy Services 
BASI,Bioanalytical Systems 
BAX,Baxter International 
BBBY,Bed Bath & Beyond 
BBG,Bill Barrett 
BBGI,Beasley Broadcast  
BBNK,Bridge Capital 
BBOX,Black Box 
BBRG,Bravo Brio Restaurant  
BBSI,Barrett Business Services 
BBX,BBX Capital 
BC,Brunswick 
BCC,Boise Cascade 
BCEI,Bonanza Creek Energy 
BCO,The Brink's 
BCOR,Blucora 
BCOV,Brightcove 
BCPC,Balchem 
BCR,CR Bard 
BCRX,BioCryst Pharmaceuticals 
BDCO,Blue Dolphin Energy 
BDE,Black Diamond 
BDGE,Bridge Bancorp 
BDL,Flanigan's Enterprises 
BDN,Brandywine Realty Trust
BDMS,Birner Dental Management Services 
BDR,Blonder Tongue Laboratories 
BDSI,BioDelivery Sciences International 
BEAV,B/E Aerospace 
BEBE,Bebe Stores 
BDX,Becton Dickinson and 
BECN,Beacon Roofing Supply 
BELFA,Bel Fuse 
BELFB,Bel Fuse 
BEN,Franklin Resources 
BERK,Berkshire Bancorp 
BERY,Berry Plastics  
BFAM,Bright Horizons Family Solutions 
BFB,Brown-Forman 
BFIN,BankFinancial 
BG,Bunge Limited
BGC,General Cable 
BGCP,BGC Partners 
BGFV,Big 5 Sporting Goods 
BGG,Briggs & Stratton 
BGMD,BG Medicine 
BGS,
BH,Biglari  
BHB,Bar Harbor Bankshares
BHE,Benchmark Electronics 
BHI,Baker Hughes Incorporated
BHRT,Bioheart 
BIG,Big Lots 
BIIB,Biogen Idec 
BIOC,Biocept 
BIOD,Biodel 
BIOF,BioFuel Energy 
BIOL,BIOLASE 
BIRT,Actuate 
BJRI,BJ's Restaurants 
BKBK,Britton & Koontz Capital 
BKD,Brookdale Senior Living 
BKE,The Buckle 
BKH,Black Hills 
BKJ,Bancorp Of New Jersey 
BKMU,Bank Mutual 
BKOR,Oak Ridge Financial Services 
BKS,Barnes & Noble 
BKU,BankUnited 
BKW,Burger King Worldwide 
BKYF,Bank of Kentucky Financial 
BLDR,Builders FirstSource 
BLIN,Bridgeline Digital 
BLKB,Blackbaud 
BLL,Ball 
BLK,BlackRock 
BLMN,Bloomin' Brands 
BLMT,BSB Bancorp 
BLOX,Infoblox 
BMC,BMC Software 
BMI,Badger Meter 
BMS,Bemis  
BMTC,Bryn Mawr Bank 
BMY,Bristol-Myers Squibb 
BNCL,Beneficial Mutual Bancorp 
BNCN,BNC Bancorp
BOBE,Bob Evans Farms 
BOCH,Bank of Commerce 
BODY,Body Central 
BOFI,BofI Holding 
BOH,Bank of Hawaii 
BOKF,BOK Financial 
BOLT,Bolt Technology 
BONE,Bacterin International  
BONT,Bon-Ton Stores 
BOTA,Biota Pharmaceuticals 
BOOM,Dynamic Materials 
BPFH,Boston Private Financial  
BOX,Box Ships 
BOTJ,Bank of the James Financial  
BPL,Buckeye Partners L.P.
BPOP,Popular 
BPI,Bridgepoint Education 
BPZ,BPZ Resources 
BR,Broadridge Financial Solutions 
BRC,Brady 
BRCD,Brocade Communications Systems 
BREW,Craft Brew Alliance 
BRKA,Berkshire Hathaway 
BRID,Bridgford Foods 
BRKL,Brookline Bancorp 
BRCM,Broadcom 
BRKR,Bruker 
BRKS,Brooks Automation 
BRLI,Bio-Reference Laboratories 
BRN,Barnwell Industries 
BRO,Brown & Brown 
BRS,Bristow  
BRSS,Global Brass and Copper  
BRT,BRT Realty Trust
BSDM,BSD Medical 
BSET,Bassett Furniture Industries Incorporated
BSPM,Biostar Pharmaceuticals 
BSQR,BSQUARE 
BSRR,Sierra Bancorp
BTH,Blyth 
BSX,Boston Scientific 
BTN,Ballantyne Strong Inc
BTU,Peabody Energy 
BTUI,BTU International 
BTX,BioTime 
BUSE,First Busey 
BV,Bazaarvoice 
BVSN,BroadVision 
BVX,Bovie Medical 
BWA,BorgWarner 
BWC,The Babcock & Wilcox 
BWLD,Buffalo Wild Wings 
BWP,Boardwalk Pipeline Partners LP
BWS,Brown Shoe  
BXC,Bluelinx  
BXP,Boston Properties 
BXS,BancorpSouth 
BYD,Boyd Gaming 
BYFC,Broadway Financial 
BYI,Bally Technologies 
BYLK,Baylake 
BZC,Breeze-Eastern 
BZH,Beazer Homes USA 
C,Citigroup 
CA,CA Technologies
CAAS,China Automotive Systems 
CAB,Cabela's Incorporated
CAC,Camden National 
CACB,Cascade Bancorp
CACC,Credit Acceptance 
CACG,Chart Acquisition 
CACGU,Chart Acquisition 
CACGW,Chart Acquisition 
CACI,CACI International 
CADC,China Advanced Construction Materials  
CACH,Cache 
CADX,Cadence Pharmaceuticals 
CAG,ConAgra Foods 
CAH,Cardinal Health 
CAFI,Camco Financial 
CAK,CAMAC Energy 
CAKE,The Cheesecake Factory Incorporated
CALD,Callidus Software 
CALI,China Auto Logistic 
CALL,magicJack VocalTec 
CALM,Cal-Maine Foods 
CALX,Calix 
CAM,Cameron International 
CAMP,CalAmp 
CAP,CAI International 
CAR,Avis Budget  
CARB,Carbonite 
CARV,Carver Bancorp 
CAS,A. M. Castle & 
CASH,Meta Financial  
CASM,CAS Medical Systems 
CASS,Cass Information Systems 
CASY,Casey's General Stores 
CAT,Caterpillar 
CATM,Cardtronics 
CATO,The Cato 
CATY,Cathay General Bancorp
CAVM,Cavium 
CAW,CCA Industries 
CB,The Chubb 
CBAK,China BAK Battery 
CBAN,Colony Bankcorp 
CBB,Cincinnati Bell 
CBEY,Cbeyond 
CBF,Capital Bank Financial 
CBG,CBRE  
CBI,Chicago Bridge & Iron  N.V.
CBIN,Community Bank Shares of Indiana 
CBK,Christopher & Banks 
CBLI,Cleveland BioLabs 
CBL,CBL & Associates Properties 
CBM,Cambrex .
CBMX,CombiMatrix 
CBMXW,CombiMatrix 
CBNJ,Cape Bancorp 
CBNK,Chicopee Bancorp 
CBOE,CBOE  
CBPO,China Biologic Products 
CBR,Ciber 
CBRL,Cracker Barrel Old Country Store 
CBRX,Columbia Laboratories 
CBS,CBS 
CBSH,Commerce Bancshares 
CBST,Cubist Pharmaceuticals 
CBT,Cabot 
CBU,Community Bank System 
CBZ,CBIZ 
CCBG,Capital City Bank  
CCF,Chase 
CCC,Calgon Carbon 
CCE,Coca-Cola Enterprises 
CCG,Campus Crest Communities 
CCI,Crown Castle International 
CCIX,Coleman Cable 
CCK,Crown  
CCL,Carnival 
CCMP,Cabot Microelectronics 
CCNE,CNB Financial 
CCO,Clear Channel Outdoor  
CCOI,Cogent Communications  
CCRN,Cross Country Healthcare 
CCUR,Concurrent Computer 
CDI,CDI 
CDE,Coeur Mining 
CDII,CD International Enterprises 
CDR,Cedar Realty Trust 
CDXS,Codexis 
CDNS,Cadence Design Systems 
CDZI,Cadiz 
CEB,Corporate Executive Board 
CECE,CECO Environmental 
CDTI,Clean Diesel Technologies 
CECO,Career Education 
CELG,Celgene 
CELGZ,Celgene 
CEMP,Cempra 
CENT,Central Garden & Pet 
CENTA,Central Garden & Pet 
CEMI,Chembio Diagnostics 
CENX,Century Aluminum 
CEP,Constellation Energy Partners LLC
CERN,Cerner 
CERS,Cerus 
CETV,Central European Media Enterprises 
CEVA,CEVA 
CF,CF Industries  
CFBK,Central Federal 
CERE,Ceres 
CFFN,Capitol Federal Financial 
CFFI,
CFI,Culp 
CFNL,Cardinal Financial 
CFNB,California First National Bancorp
CFN,CareFusion 
CFR,Cullen/Frost Bankers 
CFX,Colfax 
CG,The Carlyle  LP
CGA,China Green Agriculture 
CGNX,Cognex 
CGI,Celadon  
CHD,Church & Dwight  
CHDX,Chindex International 
CHBT,China-Biotics 
CHE,Chemed 
CHEF,The Chefs' Warehouse 
CHCI,Comstock Holding Companies 
CHEV,Cheviot Financial 
CHFC,Chemical Financial 
CHCO,City Holding 
CHFN,Charter Financial 
CHGS,China Gengsheng Minerals 
CHH,Choice Hotels International 
CHK,Chesapeake Energy 
CHKE,Cherokee 
CHLN,China Housing and Land Development 
CHMG,Chemung Financial 
CHMP,Champion Industries 
CHMT,Chemtura 
CHRW,CH Robinson Worldwide 
CHS,Chico's FAS 
CHSCP,CHS 
CHTP,Chelsea Therapeutics International 
CHSP,Chesapeake Lodging Trust
CHUY,Chuy's  
CHYR,ChyronHego 
CI,Cigna 
CIDM,Cinedigm 
CIEN,Ciena 
CIFC,CIFC 
CIM,Chimera Investment 
CINF,Cincinnati Financial 
CIR,CIRCOR International 
CIT,CIT  
CITZ,CFS Bancorp 
CIX,CompX International 
CIZN,Citizens Holding 
CJJD,China Jo-Jo Drugstores 
CKP,Checkpoint Systems 
CL,Colgate-Palmolive 
CLB,Core Laboratories NV
CLBH,Carolina Bank  
CLC,CLARCOR 
CLCT,Collectors Universe 
CLD,Cloud Peak Energy 
CLDT,Chatham Lodging Trust
CKX,CKX Lands 
CLDX,Celldex Therapeutics 
CLF,Cliffs Natural Resources 
CLFD,Clearfield 
CLIR,Clearsign Combustion 
CLMS,Calamos Asset Management 
CLNE,Clean Energy Fuels 
CLNT,Cleantech Solutions International 
CLNY,Colony Financial 
CLR,Continental Resources 
CLRO,ClearOne 
CLRX,CollabRx 
CLSN,Celsion 
CLW,Clearwater Paper 
CLVS,Clovis Oncology 
CLX,The Clorox 
CLUB,Town Sports International  
CMC,Commercial Metals 
CMA,Comerica Incorporated
CMCO,Columbus McKinnon 
CMCSK,Comcast 
CME,CME  
CMCSA,Comcast 
CMFO,China Marine Food  Limited
CMG,Chipotle Mexican Grill 
CMI,Cummins 
CMKG,mktg inc.
CMLP,Crestwood Midstream Partners LP
CMLS,Cumulus Media 
CMP,Compass Minerals International 
CMRO,Comarco 
CMN,Cantel Medical 
CMRX,Chimerix 
CMTL,Comtech Telecommunications 
CNBKA,Century Bancorp 
CNC,Centene 
CNDO,Coronado Biosciences 
CNK,Cinemark  
CNL,Cleco 
CNA,CNA Financial 
CNBC,Center Bancorp 
CNO,CNO Financial  
CNMD,CONMED 
CNOB,ConnectOne Bancorp 
CNQR,Concur Technologies 
CNS,Cohen & Steers 
CNSI,Comverse 
CNSL,Consolidated Communications  
CNW,Con-way 
CNX,CONSOL Energy 
CNYD,China Yida Holding 
COBK,Colonial Financial Services 
COBZ,CoBiz Financial 
COCO,Corinthian Colleges 
CODI,Compass Diversified 
COF,Capital One Financial 
COG,Cabot Oil & Gas 
COH,Coach 
COHR,Coherent 
COKE,Coca-Cola Bottling  Consolidated
COL,Rockwell Collins 
COHU,Cohu 
COLB,Columbia Banking System 
COLM,Columbia Sportswear 
CONN,Conns 
COO,The Cooper Companies 
COOL,Majesco Entertainment 
COP,ConocoPhillips
COR,CoreSite Realty 
CORT,Corcept Therapeutics Incorporated
CORX,Cortex Pharmaceuticals 
COSI,Cosi 
COST,Costco Wholesale 
COT,Cott 
COV,Covidien plc
COVR,Cover-All Technologies 
COWN,Cowen  
CPAH,CounterPath 
CPB,Campbell Soup 
CPE,Callon Petroleum 
CPF,Central Pacific Financial 
CPGI,China Shengda Packaging  
CPHD,Cepheid
CPIX,Cumberland Pharmaceuticals 
CPHC,Canterbury Park Holding 
CPN,Calpine 
CPRT,Copart 
CPLA,Capella Education 
CPRX,Catalyst Pharmaceutical Partners 
CPSI,Computer Programs & Systems 
CPSL,China Precision Steel 
CPST,Capstone Turbine 
CPT,Camden Property Trust
CRAI,CRA International 
CPWR,Compuware 
CRAY,Cray 
CRDC,Cardica 
CREE,Cree 
CRIS,Curis 
CRK,Comstock Resources 
CRL,Charles River Laboratories International 
CRMD,CorMedix 
CRMT,America's Car-Mart 
CROX,Crocs 
CRMB,Crumbs Bake Shop 
CRR,CARBO Ceramics 
CRRC,Courier 
CRRS,Corporate Resource Services 
CRS,Carpenter Technology 
CRTX,Cornerstone Therapeutics 
CRUS,Cirrus Logic 
CRV,Coast Distribution System 
CRVL,CorVel 
CRVP,Crystal Rock  
CRWS,Crown Crafts 
CRY,CryoLife 
CSBK,Clifton Bancorp 
CSCD,Cascade Microtech 
CSC,Computer Sciences 
CSCO,Cisco Systems 
CSFL,CenterState Banks 
CSGP,CoStar  
CSGS,CSG Systems International 
CSH,Cash America International 
CSHB,Community Shores Bank 
CSII,Cardiovascular Systems 
CSL,Carlisle Companies Incorporated
CSOD,Cornerstone OnDemand 
CSPI,CSP 
CSS,CSS Industries 
CST,CST Brands 
CSV,Carriage Services 
CSWC,Capital Southwest 
CSX,CSX 
CTAS,Cintas 
CTB,Cooper Tire & Rubber 
CTBI,Community Trust Bancorp 
CTCT,Constant Contact 
CTG,Computer Task  
CTHR,Charles & Colvard 
CTIB,CTI Industries 
CTL,CenturyLink 
CTO,Consolidated Tomoka Land 
CTRN,Citi Trends 
CTS,CTS 
CTSH,Cognizant Technology Solutions 
CTWS,Connecticut Water Service 
CTXS,Citrix Systems 
CUB,Cubic 
CUBI,Customers Bancorp 
CUI,CUI Global 
CUNB,CU Bancorp
CUO,Continental Materials 
CUTR,Cutera 
CUZ,Cousins Properties Incorporated
CVA,Covanta Holding 
CVBF,CVB Financial 
CVC,Cablevision Systems 
CVBK,Central Virginia Bankshares 
CVCO,Cavco Industries 
CVCY,Central Valley Community Bancorp
CVD,Covance 
CVG,Convergys 
CVGI,Commercial Vehicle  
CVI,CVR Energy 
CVGW,Calavo Growers 
CVLT,CommVault Systems 
CVLY,Codorus Valley Bancorp 
CVM,CEL-SCI 
CVO,Cenveo 
CVR,Chicago Rivet & Machine 
CVTI,Covenant Transportation  
CVS,CVS Caremark 
CVU,CPI Aerostructures 
CVV,CVD Equipment 
CVVT,China Valves Technology 
CVX,Chevron 
CW,Curtiss-Wright 
CWBC,Community West Bancshares
CWCO,Consolidated Water  
CWEI,Clayton Williams Energy 
CWH,CommonWealth REIT
CWHN,CommonWealth REIT
CWST,Casella Waste Systems 
CWT,California Water Service 
CWTR,Coldwater Creek 
CXDC,China XD Plastics  
CXO,Concho Resources 
CXP,Columbia Property Trust 
CXPO,Crimson Exploration 
CXW,Corrections  of America
CY,Cypress Semiconductor 
CYAN,Cyanotech 
CYB,WisdomTree Chinese Yuan Strategy
CYBE,CyberOptics 
CYBX,Cyberonics 
CYCC,Cyclacel Pharmaceuticals 
CYCCP,Cyclacel Pharmaceuticals 
CYH,Community Health Systems 
CYN,City National 
CYNI,Cyan 
CYNO,Cynosure 
CYS,CYS Investments 
CYT,Cytec Industries 
CYTK,Cytokinetics Incorporated
CYTR,CytRx 
CYTX,Cytori Therapeutics 
CYTXW,Cytori Therapeutics Inc
CZFC,Citizens First 
CZNC,Citizens & Northern 
CZWI,Citizens Community Bancorp 
D,Dominion Resources 
DAEG,Daegis 
CZR,Caesars Entertainment 
DAIO,Data I/O 
DAL,Delta Air Lines 
DAKT,Daktronics 
DAN,Dana Holding 
DAR,Darling International 
DARA,DARA BioSciences Inc
DATA,Tableau Software 
DAVE,Famous Dave's of America 
DBD,Diebold Incorporated
DBLE,Double Eagle Petroleum 
DBLEP,Double Eagle Petroleum 
DCI,Donaldson  
DCO,Ducommun 
DCOM,Dime Community Bancshares 
DCT,DCT Industrial Trust 
DCTH,Delcath Systems 
DD,E. I. du Pont de Nemours and 
DDD,3D Systems 
DDDC,deltathree 
DDE,Dover Downs Gaming & Entertainment 
DDR,DDR 
DDS,Dillard's 
DE,Deere & 
DECK,Deckers Outdoor 
DEER,Deer Consumer Products 
DEI,Douglas Emmett Inc
DEL,Deltic Timber 
DENN,Denny's 
DEPO,DepoMed 
DEST,Destination Maternity 
DF,Dean Foods 
DFS,Discover Financial Services
DFT,DuPont Fabros Technology 
DFZ,R.G. Barry 
DG,Dollar General 
DGI,DigitalGlobe 
DGAS,Delta Natural Gas  
DGICA,Donegal  
DGICB,Donegal  
DGII,Digi International 
DGIT,Digital Generation 
DGLY,Digital Ally 
DGSE,DGSE Companies 
DGX,Quest Diagnostics 
DHI,DR Horton 
DHIL,Diamond Hill Investment  
DHR,Danaher 
DHX,Dice  
DHRM,Dehaier Medical Systems Limited
DIET,Ediets.com 
DIN,DineEquity 
DIOD,Diodes Incorporated
DISCA,Discovery Communications 
DISCB,Discovery Communications 
DISCK,Discovery Communications 
DISH,Dish Network 
DIS,The Walt Disney 
DJCO,Daily Journal 
DIT,AMCON Distributing 
DK,Delek US  
DKL,Delek Logistics Partners LP
DKS,Dick's Sporting Goods 
DLB,Dolby Laboratories 
DLA,Delta Apparel 
DLGC,Dialogic 
DLLR,DFC Global 
DLIA,dELiA*s 
DLHC,DLH  
DLPH,Delphi Automotive PLC
DLR,Digital Realty Trust 
DLTR,Dollar Tree 
DLX,Deluxe 
DMD,Demand Media 
DMLP,Dorchester Minerals LP
DMRC,Digimarc 
DMND,Diamond Foods 
DNB,Dun & Bradstreet 
DNDN,Dendreon 
DNKN,Dunkin' Brands  
DNR,Denbury Resources 
DO,Diamond Offshore Drilling 
DNBF,DNB Financial 
DORM,Dorman Products 
DOV,Dover 
DOW,The Dow Chemical 
DPS,Dr Pepper Snapple  
DPM,DCP Midstream Partners LP
DPW,Digital Power 
DRAD,Digirad 
DRAM,Dataram 
DRC,Dresser-Rand  
DRCO,Dynamics Research 
DRE,Duke Realty 
DPZ,Domino's Pizza 
DRIV,Digital River 
DRH,Diamondrock Hospitality 
DRI,Darden Restaurants 
DRL,Doral Financial 
DRQ,Dril-Quip 
DRRX,DURECT 
DRTX,Durata Therapeutics 
DSCI,Derma Sciences 
DSCO,Discovery Laboratories 
DSPG,DSP  
DSKX,DS Healthcare  
DSS,Document Security Systems 
DSTI,DayStar Technologies 
DSW,DSW 
DTE,DTE Energy 
DTLK,Datalink 
DTSI,DTS 
DTV,DIRECTV
DUK,Duke Energy 
DVA,DaVita HealthCare Partners 
DV,DeVry Education  
DVAX,Dynavax Technologies 
DVCR,Diversicare Healthcare Services 
DVD,Dover Motorsports 
DVN,Devon Energy 
DVR,Cal Dive International Inc
DWA,DreamWorks Animation SKG 
DW,Drew Industries Incorporated
DWCH,Datawatch 
DWRE,Demandware 
DWSN,Dawson Geophysical 
DX,Dynex Capital 
DXCM,DexCom 
DXLG,Destination XL  
DXM,Dex Media 
DXPE,DXP Enterprises 
DXR,Daxor 
DY,Dycom Industries 
DYAX,Dyax 
DYII,Dynacq Healthcare 
DYNIQ,DYNEGY INC NEW
DYSL,Dynasil  of America
EAC,Erickson Incorporated
EA,Electronic Arts 
EBF,Ennis 
EAT,Brinker International 
EBIX,Ebix 
EBAY,eBay 
EBMT,Eagle Bancorp Montana 
EBSB,Meridian Interstate Bancorp 
EBTC,Enterprise Bancorp 
EBS,Emergent BioSolutions 
ECHO,Echo Global Logistics 
ECL,Ecolab 
ECOL,US Ecology 
ECOM,ChannelAdvisor 
ECTE,Echo Therapeutics 
ECTY,ECOtality 
ECYT,Endocyte 
ED,Consolidated Edison 
EDGW,Edgewater Technology 
EDMC,Education Management 
EDE,The Empire District Electric 
EDR,Education Realty Trust 
EDUC,Educational Development 
EEI,Ecology & Environment 
EFC,Ellington Financial LLC
EEFT,Euronet Worldwide 
EFII,Electronics for Imaging 
EFOI,Energy Focus 
EFSC,Enterprise Financial Services 
EFX,Equifax 
EGAN,eGain 
EGHT,8x8 
EGL,Engility  
EGN,Energen 
EGOV,NIC 
EGY,Vaalco Energy 
EHTH,eHealth 
EIG,Employers  
ELGX,Endologix 
ELLI,Ellie Mae 
ELNK,EarthLink  
ELRC,Electro Rent 
ELX,Emulex 
EMCI,EMC Insurance  
ELY,Callaway Golf 
EME,EMCOR  
END,Endeavour International 
ENDP,Endo International plc
ENH,Endurance Specialty  
ENR,Energizer  
ENS,EnerSys
ENPH,Enphase Energy 
ENSG,The Ensign  
ENTG,Entegris 
ENTA,Enanta Pharmaceuticals 
ENTR,Entropic Communications 
ENV,Envestnet 
ENZN,Enzon Pharmaceuticals 
EOPN,E2open 
EPAM,EPAM Systems 
EPAY,Bottomline Technologies
EPIQ,Epiq Systems 
EPM,Evolution Petroleum 
EPL,EPL Oil & Gas 
EPZM,Epizyme 
EQIX,Equinix 
EQU,Equal Energy 
ERA,Era  
ERII,Energy Recovery 
ERIE,Erie Indemnity 
ESBF,ESB Financial 
ESGR,Enstar  Limited
ESE,ESCO Technologies 
ESIO,Electro Scientific Industries 
ESSA,ESSA Bancorp 
ETH,Ethan Allen Interiors 
ETM,Entercom Communications 
EVC,Entravision Communications 
EVTC,EVERTEC 
ESL,Esterline Technologies 
ESC,Emeritus 
EVR,Evercore Partners 
EWBC,East West Bancorp 
EV,Eaton Vance 
EXAC,Exactech 
EXAS,Exact Sciences 
EXAR,Exar 
EXAM,ExamWorks  
EXEL,Exelixis 
EXH,Exterran  
EXLS,Exlservice  
EXPO,Exponent 
EXPR,Express 
EXP,Eagle Materials 
EXTR,Extreme Networks 
EXXI,Energy XXI
EXR,Extra Space Storage 
EZPW,EZCORP 
F,Ford Motor 
FABK,First Advantage Bancorp.
FAC,First Acceptance 
FAF,First American Financial 
FALC,Falconstor Software 
FANG,Diamondback Energy 
FARM,Farmer Brothers 
FARO,FARO Technologies 
FAST,Fastenal 
FB,Facebook 
FBC,Flagstar Bancorp 
FBHS,Fortune Brands Home & Security 
FBIZ,First Business Financial Services 
FBMI,Firstbank 
FBMS,First Bancshares 
FBNC,First Bancorp
FBNK,First Connecticut Bancorp 
FBP,First Bancorp
FBRC,FBR & 
FBSS,Fauquier Bankshares 
FC,Franklin Covey 
FCAP,First Capital 
FCCY,1st Constitution Bancorp
FCBC,First Community Bancshares 
FCCO,First Community 
FCEL,FuelCell Energy 
FCF,First Commonwealth Financial 
FCFS,First Cash Financial Services 
FCH,FelCor Lodging Trust Incorporated
FCLF,First Clover Leaf Financial 
FCN,FTI Consulting 
FCNCA,First Citizens Bancshares 
FCTY,1st Century Bancshares 
FCX,Freeport-McMoRan Copper & Gold 
FCZA,First Citizens Banc 
FDEF,First Defiance Financial 
FDO,Family Dollar Stores 
FDP,Fresh Del Monte Produce 
FDS,FactSet Research Systems 
FCS,Fairchild Semiconductor International 
FDML,Federal-Mogul  
FDX,FedEx 
FE,FirstEnergy 
FEIC,FEI 
FEIM,Frequency Electronics 
FES,Forbes Energy Services 
FELE,Franklin Electric  
FET,Forum Energy Technologies 
FFBC,First Financial Bancorp.
FFBCW,First Financial Bancorp.
FF,FutureFuel 
FFBH,First Federal Bancshares of Arkansas 
FFEX,Frozen Food Express Industries 
FFG,FBL Financial  
FFIC,Flushing Financial 
FFIN,First Financial Bankshares 
FFIV,F5 Networks 
FFKT,Farmers Capital Bank 
FFKY,First Financial Service 
FFNM,First Federal of Northern Michigan Bancorp 
FFNW,First Financial Northwest 
FGP,Ferrellgas Partners LP
FHCO,The Female Health 
FHN,First Horizon National 
FIBK,First Interstate Bancsystem 
FICO,Fair Isaac 
FIG,Fortress Investment  LLC
FII,Federated Investors 
FINL,Finish Line 
FIO,Fusion-io 
FIRE,Sourcefire 
FIS,Fidelity National Information Services 
FISI,Financial Institutions 
FITB,Fifth Third Bancorp
FISV,Fiserv 
FIVE,Five Below 
FIX,Comfort Systems USA 
FIZZ,National Beverage 
FL,Foot Locker 
FLDM,Fluidigm 
FLIC,The First of Long Island 
FLEX,Flextronics International 
FLIR,FLIR Systems 
FLL,Full House Resorts 
FLO,Flowers Foods 
FLOW,Flow International 
FLR,Fluor 
FLT,FleetCor Technologies 
FLTX,Fleetmatics  PLC
FLS,Flowserve 
FLWS,1-800-Flowers.com 
FLXS,Flexsteel Industries 
FMBI,First Midwest Bancorp 
FMC,FMC 
FMCC,Federal Home Loan Mortgage 
FMD,The First Marblehead 
FMER,FirstMerit 
FMNB,Farmers National Banc 
FN,Fabrinet
FNB,F.N.B. 
FNF,Fidelity National Financial 
FNFG,First Niagara Financial  
FNGN,Financial Engines 
FNHC,Federated National Holding 
FNLC,The First Bancorp 
FNSR,Finisar 
FNMA,Federal National Mortgage Association
FOE,Ferro 
FOLD,Amicus Therapeutics 
FONR,Fonar 
FOR,Forestar  
FORM,FormFactor 
FORR,Forrester Research 
FORD,Forward Industries 
FOSL,Fossil  
FOX,Twenty-First Century Fox 
FOXA,Twenty-First Century Fox 
FPO,First Potomac Realty Trust
FPP,Fieldpoint Petroleum 
FR,First Industrial Realty Trust 
FRAN,Francesca's  
FRBK,Republic First Bancorp 
FRED,Fred's 
FRF,Fortegra Financial 
FRGI,Fiesta Restaurant  
FRM,Furmanite 
FRD,Friedman Industries Incorporated
FRME,First Merchants 
FRNK,Franklin Financial 
FRP,Fairpoint Communications 
FRT,Federal Realty Investment Trust
FSBK,First South Bancorp 
FRX,Forest Laboratories 
FRS,Frisch's Restaurants 
FSBW,FS Bancorp 
FSCI,Fisher Communications 
FSFG,First Savings Financial  
FSGI,First Security  
FSI,Flexible Solutions International 
FSL,Freescale Semiconductor 
FSLR,First Solar 
FSP,Franklin Street Properties 
FST,Forest Oil 
FSTR,LB Foster 
FSYS,Fuel Systems Solutions 
FTEK,Fuel-Tech 
FTI,FMC Technologies 
FTK,Flotek Industries 
FTNT,Fortinet 
FU,FAB Universal 
FTR,Frontier Communications 
FUBC,1st United Bancorp 
FULT,Fulton Financial 
FUN,Cedar Fair L.P.
FUNC,First United 
FUR,Winthrop Realty Trust
FUL,HB Fuller 
FURX,Furiex Pharmaceuticals 
FWLT,Foster Wheeler AG
FVE,Five Star Quality Care 
FWRD,Forward Air 
FXCM,FXCM 
FWV,First West Virginia Bancorp 
FXEN,FX Energy 
G,Genpact Limited
GABC,German American Bancorp 
GALE,Galena Biopharma 
GAIA,Gaiam 
GALT,Galectin Therapeutics 
GALTU,Galectin Therapeutics 
GAS,AGL Resources 
GB,Greatbatch 
GBCI,Glacier Bancorp 
GBL,GAMCO Investors 
GBLI,Global Indemnity plc
GBNK,Guaranty Bancorp
GBR,New Concept Energy 
GBX,The Greenbrier Companies 
GCA,Global Cash Access  
GCAP,GAIN Capital  
GCBC,Greene County Bancorp 
GALTW,Galectin Therapeutics 
GCFB,Granite City Food & Brewery 
GCI,Gannett  
GCO,Genesco 
GCOM,Globecomm Systems 
GD,General Dynamics 
GDOT,Green Dot 
GE,General Electric 
GEF,Greif 
GENC,Gencor Industries 
GEO,The GEO  
GEOS,Geospace Technologies 
GERN,Geron 
GES,Guess' 
GFF,Griffon 
GEVO,Gevo 
GFIG,GFI  
GFED,Guaranty Federal Bancshares 
GFN,General Finance 
GGG,Graco 
GHDX,Genomic Health 
GHM,Graham 
GIG,GigOptix 
GIFI,Gulf Island Fabrication 
GIII,G-III Apparel  
GIGA,Giga-tronics 
GILD,Gilead Sciences 
GIS,General Mills 
GKNT,Geeknet 
GLBZ,Glen Burnie Bancorp
GLCH,Gleacher &  Inc
GK,
GLDC,Golden Enterprises 
GLOW,Glowpoint 
GLP,Global Partners LP
GLPW,Global Power Equipment  
GLRE,Greenlight Capital Re 
GLT,PH Glatfelter 
GLF,Gulfmark Offshore 
GLW,Corning 
GLUU,Glu Mobile 
GM,General Motors 
GMAN,Gordmans Stores 
GMCR,Keurig Green Mountain 
GME,GameStop 
GMED,Globus Medical 
GMET,Geomet 
GMETP,GeoMet 
GMO,General Moly 
GNBT,Generex Biotechnology 
GMT,GATX 
GNC,GNC  
GNCMA,General Communication 
GNE,Genie Energy 
GNI,Great Northern Iron Ore Properties
GNRC,Generac  
GNTX,Gentex 
GNVC,GenVec 
GNW,Genworth Financial 
GOM,Ally Financial 
GOOD,Gladstone Commercial 
GORO,Gold Resource Corp
GOV,Government Properties Income Trust
GPC,Genuine Parts 
GPI, 1 Automotive 
GOOG,Google 
GPIC,Gaming Partners International 
GPN,Global Payments 
GPOR,Gulfport Energy 
GPRE,Green Plains Renewable Energy 
GPX,GP Strategies 
GRA,W.R. Grace & 
GRC,Gorman-Rupp 
GRPN,on 
GRIF,Griffin Land & Nurseries 
GSBC,Great Southern Bancorp 
GSE,GSE Systems 
GSIG,GSI  
GSIT,GSI Technology 
GSM,Globe Specialty Metals 
GTI,GrafTech International 
GTAT,GT Advanced Technologies 
GTIV,Gentiva Health Services 
GTLS,Chart Industries 
GTS,Triple-S Management 
GTN,Gray Television 
GUID,Guidance Software 
GVA,Granite Construction Incorporated
GWR,Genesee & Wyoming 
GXP,Great Plains Energy Incorporated
GY,GenCorp 
GWRE,Guidewire Software 
H,Hyatt Hotels 
HA,Hawaiian  
HAE,Haemonetics 
HAFC,Hanmi Financial 
GTXI,GTX 
HAIN,The Hain Celestial  
HALL,Hallmark Financial Services 
HALO,Halozyme Therapeutics 
HASI,Hannon Armstrong Sustainable Infrastructure Capital 
HAWK,Blackhawk Network  
HAYN,Haynes International 
HBCP,Home Bancorp 
HBHC,Hancock Holding 
HBI,Hanesbrands 
HBIO,Harvard Bioscience 
HBNC,Horizon Bancorp
HCA,HCA  
HCCI,Heritage-Crystal Clean Inc
HCI,HCI  
HCKT,The Hackett  
HCOM,Hawaiian Telcom Holdco 
HCSG,Healthcare Services  
HDNG,Hardinge 
HCC,HCC Insurance  
HE,Hawaiian Electric Industries 
HEES,
HEB,Hemispherx Biopharma 
HEI,HEICO 
HEOP,Heritage Oaks Bancorp
HFBC,HopFed Bancorp 
HF,HFF 
HFC,HollyFrontier 
HES,Hess 
HFFC,HF Financial 
HFWA,Heritage Financial 
HGG,hhgregg 
HGR,Hanger 
HH,Hooper Holmes 
HHC,The Howard Hughes 
HHS,Harte-Hanks 
HI,Hillenbrand 
HIBB,Hibbett Sports 
HIG,The Hartford Financial Services  
HII,Huntington Ingalls Industries 
HIIQ,Health Insurance Innovations 
HGSH,China HGS Real Estate 
HILL,Dot Hill Systems 
HITT,Hittite Microwave 
HITK,Hi-Tech Pharmacal  
HIL,Hill International 
HIW,Highwoods Properties 
HK,Halc
HL,Hecla Mining 
HLIT,Harmonic 
HLF,Herbalife 
HLS,HEALTHSOUTH 
HLSS,Home Loan Servicing Solutions 
HME,Home Properties 
HMG,HMG/Courtland Properties 
HMN,Horace Mann Educators 
HMNF,HMN Financial 
HMPR,Hampton Roads Bankshares 
HMSY,HMS  
HMTV,Hemisphere Media  
HNH,Handy & Harman 
HNR,Harvest Natural Resources 
HNI,HNI 
HNRG,Hallador Energy 
HNSN,Hansen Medical 
HNT,Health Net 
HOFT,Hooker Furniture 
HOG,Harley-Davidson 
HOLX,Hologic 
HOMB,Home Bancshares 
HMST,HomeStreet 
HOLL,Hollywood Media 
HOME,Home Federal Bancorp 
HON,Honeywell International 
HOS,Hornbeck Offshore Services 
HOT,Starwood Hotels & Resorts Worldwide 
HOTR,Chanticleer  
HPAC,Hyde Park Acquisition  II
HPCCP,Huntington Preferred Capital 
HOV,Hovnanian Enterprises 
HPOL,Harris Interactive 
HPP,Hudson Pacific Properties 
HPQ,Hewlett-Packard 
HPT,Hospitality Properties Trust
HPTX,Hyperion Therapeutics 
HPY,Heartland Payment Systems 
HRC,Hill-Rom  
HRB,
HRG,Harbinger  
HR,Healthcare Realty Trust Incorporated
HRL,Hormel Foods 
HRS,Harris 
HRT,Arrhythmia Research Technology 
HSC,Harsco 
HSH,The Hillshire Brands 
HSIC,Henry Schein 
HSII,Heidrick & Struggles International 
HSKA,Heska 
HSON,Hudson Global Inc
HSNI,HSN 
HSP,Hospira 
HST,Host Hotels & Resorts 
HSTM,Healthstream 
HSY,The Hershey 
HT,Hersha Hospitality Trust
HTA,Healthcare Trust of America 
HTBI,HomeTrust Bancshares 
HTBK,Heritage Commerce 
HTCH,Hutchinson Technology 
HTCO,Hickory Tech 
HTH,Hilltop  
HTLD,Heartland Express 
HTLF,Heartland Financial USA 
HTM,U.S. Geothermal 
HTS,Hatteras Financial Corp
HTWR,Heartware International 
HTZ,Hertz Global  
HUBB,Hubbell 
HUBG,Hub  
HUM,Humana 
HUN,Huntsman 
HURC,Hurco Companies 
HURN,Huron Consulting  
HUSA,Houston American Energy 
HVB,Hudson Valley Holding 
HVT,Haverty Furniture Companies 
HW,Headwaters Incorporated
HWAY,Healthways 
HWBK,Hawthorn Bancshares 
HWG,The Hallwood  Incorporated
HWCC,Houston Wire & Cable 
HWKN,Hawkins 
HXL,Hexcel 
HY,Hyster-Yale Materials Handling 
HZNP,Horizon Pharma 
HZO,Marinemax 
IACI,IAC/InterActiveCorp
IART,Integra LifeSciences  
IBCA,Intervest Bancshares 
IBCP,Independent Bank 
IBIO,iBio 
IBKC,IberiaBank 
IBKR,Interactive Brokers  
IBM,International Business Machines 
IBOC,International Bancshares 
ICAD,iCAD 
IBTX,Independent Bank  
ICCC,ImmuCell 
ICE,IntercontinentalExchange  
ICFI,ICF International 
ICGE,ICG  
ICH,Investors Capital  
ICON,Iconix Brand  
ICUI,ICU Medical 
ICPT,Intercept Pharmaceuticals 
IDA,IdaCorp 
IDCC,InterDigital 
IDIX,Idenix Pharmaceuticals 
IDN,Intellicheck Mobilisa 
IDRA,Idera Pharmaceuticals 
IDSA,Industrial Services of America 
IDSY,ID Systems 
IDT,IDT 
IDTI,Integrated Device Technology 
IDXX,IDEXX Laboratories 
IEC,IEC Electronics 
IEP,Icahn Enterprises L.P.
IESC,Integrated Electrical Services 
IEX,IDEX 
IFMI,Institutional Financial Markets 
IFNY,Infinity Energy Resources 
IFT,Imperial  
IFF,International Flavors & Fragrances 
IG,IGI Laboratories 
IFON,Infosonics 
IGC,India Globalization Capital 
IGOI,iGo 
IGTE,iGATE 
IHC,Independence Holding 
IHT,Innsuites Hospitality Trust
III,Information Services  
IILG,Interval Leisure  
IIN,Intricon 
IIIN,Insteel Industries 
IKAN,Ikanos Communications 
IKNX,Ikonics 
IIVI,II-VI Incorporated
IL,IntraLinks  
ILMN,Illumina 
IM,Ingram Micro 
IMAX,IMAX 
IMGN,ImmunoGen 
IMH,Impac Mortgage  
IMCB,Intermountain Community Bancorp
IMI,Intermolecular 
IMKTA,Ingles Markets Incorporated
IMMR,Immersion 
IMMU,Immunomedics 
IMMY,Imprimis Pharmaceuticals 
IMN,Imation 
INAP,Internap Network Services 
IMO,Imperial Oil 
INB,Cohen & Steers Global Income Bu
INCY,Incyte 
INDB,Independent Bank 
INFA,Informatica 
INFI,Infinity Pharmaceuticals 
INFN,Infinera 
INFU,InfuSystem  
INGR,Ingredion Incorporated
ININ,Interactive Intelligence  
INN,Summit Hotel Properties 
INO,Inovio Pharmaceuticals 
INOC,Innotrac 
INPH,Interphase 
INS,Intelligent Systems 
INSM,Insmed Incorporated
INSY,INSYS Therapeutics 
INT,World Fuel Services 
INTC,Intel 
INTT,inTEST 
INTL,INTL FCStone 
INTU,Intuit 
INTX,Intersections 
INTG,The Inter 
INTZ,Intrusion 
INVE,Identive  
INUV,Inuvo 
INVN,InvenSense 
INWK,InnerWorkings 
IO,ION Geophysical 
IOSP,Innospec 
IOT,Income Opportunity Realty Investors 
IP,International Paper 
IPG,The Interpublic  of Companies 
IPGP,IPG Photonics 
IPHI,Inphi 
IPI,Intrepid Potash 
IR,Ingersoll-Rand Plc
IRBT,iRobot 
IPXL,Impax Laboratories 
IRC,Inland Real Estate 
IRDM,Iridium Communications 
IRET,Investors Real Estate Trust
IRG,Ignite Restaurant  
IRM,Iron Mountain 
IRIX,IRIDEX 
IROQ,IF Bancorp 
IRWD,Ironwood Pharmaceuticals 
ISBC,Investors Bancorp 
ISCA,International Speedway 
ISH,International Shipholding 
ISIG,Insignia Systems 
ISIL,Intersil 
ISIS,Isis Pharmaceuticals 
ISLE,Isle of Capri Casinos 
ISNS,Image Sensing Systems 
ISR,IsoRay 
ISRG,Intuitive Surgical 
ISRL,Isramco 
ISSC,Innovative Solutions & Support 
ISSI,Integrated Silicon Solution 
IT,Gartner 
ITG,Investment Technology  
ITI,Iteris 
ITIC,Investors Title 
ITMN,InterMune 
ITRI,Itron 
ITT,ITT 
ITW,Illinois Tool Works 
IVAC,Intevac 
IVC,Invacare 
IVR,Invesco Mortgage Capital 
IVZ,Invesco 
IXYS,IXYS 
JACK,Jack in the Box 
JAH,Jarden 
JAKK,JAKKS Pacific 
JBHT,JB Hunt Transport Services 
JBL,Jabil Circuit 
JBLU,JetBlue Airways 
JBSS,John B Sanfilippo & Son 
JBT,John Bean Technologies 
JCI,Johnson Controls 
JCP,J. C. Penney  
JAXB,Jacksonville Bancorp 
JCS,Communications Systems 
JCTCF,Jewett-Cameron Trading  
JDSU,JDS Uniphase 
JEC,Jacobs Engineering  
JFBC,Jeffersonville Bancorp
JFBI,Jefferson Bancshares 
JKHY,Jack Henry & Associates 
JJSF,
JMP,JMP  
JNGW,Jingwei International Limited
JNJ,Johnson & Johnson
JNPR,Juniper Networks 
JNS,Janus Capital  
JOB,General Employment Enterprises 
JOE,The St. Joe 
JOEZ,Joe's Jeans 
JOSB,Jos. A Bank Clothiers 
KFY,Korn/Ferry International
KKD,Krispy Kreme Doughnuts 
KOP,Koppers  
KOS,Kosmos Energy 
KRO,Kronos Worldwide 
KTOS,Kratos Defense & Security Solutions 
KRA,Kraton Performance Polymers 
KVHI,KVH Industries 
KWK,Quicksilver Resources 
KWR,Quaker Chemical 
LABL,Multi-Color 
LAD,Lithia Motors 
KYTH,Kythera Biopharmaceuticals 
LAMR,Lamar Advertising 
LANC,Lancaster Colony 
LAYN,Layne Christensen 
LBAI,Lakeland Bancorp 
LBY,Libbey 
LCI,Lannett  
LCNB,LCNB 
LCUT,Lifetime Brands 
IRF,International Rectifier 
LDL,Lydall 
LDR,Landauer 
LEA,Lear 
LEAP,Leap Wireless International 
LEDS,SemiLEDs 
LECO,Lincoln Electric  
LEE,Lee Enterprises Incorporated
LEG,Leggett & Platt Incorporated
LEI,Lucas Energy 
LF,LeapFrog Enterprises 
LFUS,Littelfuse 
LEN,Lennar 
LFVN,Lifevantage 
LG,The Laclede  
LGCY,Legacy Reserves LP
LGF,Lions Gate Entertainment 
LGL,The LGL  
LGND,Ligand Pharmaceuticals Incorporated
LGP,Lehigh Gas Partners LP
LHCG,LHC  
LH,Laboratory  of America 
LHO,LaSalle Hotel Properties
LIFE,Life Technologies 
LII,Lennox International 
LIME,Lime Energy 
LINC,Lincoln Educational Services 
LINE,Linn Energy LLC
LINTA,Liberty Interactive 
LION,Fidelity Southern 
LIOX,Lionbridge Technologies 
LIVE,LiveDeal 
LIWA,Lihua International 
LKFN,Lakeland Financial 
LKQ,LKQ 
LL,Lumber Liquidators  
LLEN,L & L Energy 
LLL,L-3 Communications  
LLNW,Limelight Networks 
LLTC,Linear Technology 
LLY,Eli Lilly and 
LMAT,LeMaitre Vascular 
LMIA,LMI Aerospace 
LMCA,Liberty Media 
LMNR,Limoneira 
LMNX,Luminex 
LMOS,Lumos Networks 
LMT,Lockheed Martin 
LNBB,LNB Bancorp 
LNC,Lincoln National 
LNCE,Snyder's-Lance 
LNCO,Linn Co LLC
LNDC,Landec 
LNKD,LinkedIn 
LNN,Lindsay 
LNT,Alliant Energy 
LO,Lorillard 
LOCK,LifeLock 
LOAN,Manhattan Bridge Capital 
LOCM,Local 
LODE,Comstock Mining 
LOGM,LogMeIn 
LOJN,LoJack 
LOGC,LOGIC Devices Incorporated
LOOK,LookSmart 
LOGI,Logitech International SA
LORL,Loral Space & Communications 
LOPE,Grand Canyon Education 
LOV,Spark Networks 
LOW,Lowe's Companies 
LPHI,Life Partners  
LPI,Laredo Petroleum 
LPLA,LPL Financial  
LPNT,Lifepoint Hospitals 
LPSN,LivePerson 
LPTN,Lpath 
LPX,Louisiana-Pacific 
LQDT,Liquidity Services 
LRAD,LRAD 
LRCX,Lam Research 
LRN,K12 
LRY,Liberty Property Trust
LSBI,LSB Financial 
LSBK,Lake Shore Bancorp 
LSCC,Lattice Semiconductor 
LSI,LSI 
LSTR,Landstar System 
LTBR,Lightbridge 
LTC,LTC Properties 
LTM,Life Time Fitness 
LTRE,Learning Tree International 
LTRX,Lantronix 
LTS,Ladenburg Thalmann Financial Services 
LTXC,LTX-Credence 
LUB,Luby's 
LULU,Lululemon Athletica 
LUNA,Luna Innovations Incorporated
LUV,Southwest Airlines 
LVS,Las Vegas Sands 
LWAY,Lifeway Foods 
LXK,Lexmark International 
LXP,Lexington Realty Trust
LXRX,Lexicon Pharmaceuticals 
LYB,LyondellBasell Industries NV
LYTS,LSI Industries 
LYV,Live Nation Entertainment 
LZB,La-Z-Boy Incorporated
M,Macy's 
MA,MasterCard Incorporated
MAA,Mid-America Apartment Communities 
MAC,The Macerich 
MACE,Mace Security International 
MACK,Merrimack Pharmaceuticals 
MAG,Magnetek 
MAKO,MAKO Surgical 
MAMS,MAM Software  
MAN,Manpower 
MANH,Manhattan Associates 
MAR,Marriott International 
MARK,Remark Media 
MAS,Masco 
MASC,Material Sciences 
MASI,Masimo 
MAT,Mattel 
MATW,Matthews International 
MAXY,Maxygen 
MAYS,JW Mays 
MBFI,MB Financial 
MBLX,Metabolix 
MBND,Multiband 
MBRG,Middleburg Financial 
MBTF,MBT Financial 
MBWM,Mercantile Bank 
MCBC,Macatawa Bank 
MCBF,Monarch Community Bancorp 
MCBI,Metrocorp Bancshares 
MCBK,Madison County Financial 
MCD,McDonald's 
MCF,Contango Oil & Gas 
MCHP,Microchip Technology 
MCHX,Marchex 
MCK,McKesson 
MCO,Moody's 
MCRI,Monarch Casino & Resort 
MCRS,MICROS Systems 
MCS,The Marcus 
MCP,Molycorp 
MCY,Mercury General 
MD,MEDNAX 
MCZ,Mad Catz Interactive 
MDC,MDC  
MDCI,Medical Action Industries 
MDCO,The Medicines 
MDLZ,Mondelez International 
MDP,Meredith 
MDSO,Medidata Solutions 
MDT,Medtronic 
MDU,MDU Resources  
MDW,Midway Gold 
MDVN,Medivation 
MDXG,MiMedx  
MEAD,Meade Instruments 
MEAS,Measurement Specialties 
MED,Medifast 
MEET,MeetMe 
MEIP,MEI Pharma 
MELA,MELA Sciences 
MELI,Mercadolibre 
MEI,Methode Electronics 
MEMP,Memorial Production Partners LP
MEMS,MEMSIC 
MENT,Mentor Graphics 
MERR,Merriman  
MET,MetLife 
MFA,MFA Financial 
METR,Metro Bancorp 
MFCO,Microwave Filter  
MFI,MicroFinancial 
MFLR,Mayflower Bancorp 
MFLX,Multi-Fineline Electronix 
MFNC,Mackinac Financial 
MFRI,MFRI 
MFRM,Mattress Firm Holding 
MFSF,Mutualfirst Financial 
MG,Mistras  
MGAM,Multimedia Games Holding  
MGCD,MGC Diagnostics 
MGLN,Magellan Health Services 
MGM,MGM Resorts International
MGPI,MGP Ingredients 
MGT,MGT Capital Investments 
MGYR,Magyar Bancorp 
MHFI,McGraw Hill Financial 
MHGC,Morgans Hotel  
MHO,M/I Homes 
MGN,Mines Management 
MHH,Mastech  
MIDD,Middleby 
MIG,Meadowbrook Insurance  
MILL,Miller Energy Resources 
MIND,Mitcham Industries 
MINI,Mobile Mini 
MHK,Mohawk Industries 
MITK,Mitek Systems 
MITL,Mitel Networks 
MJN,Mead Johnson Nutrition 
MKC,McCormick &  Incorporated
MKL,Markel 
MKSI,MKS Instruments 
MKTG,Responsys 
MKTO,Marketo 
MKTX,MarketAxess  
MKTY,Mechanical Technology Incorporated
MLAB,Mesa Laboratories 
MLM,Martin Marietta Materials 
MLHR,Herman Miller 
MLP,Maui Land & Pineapple  
MLNK,ModusLink Global Solutions 
MLNX,Mellanox Technologies 
MMC,Marsh & McLennan Companies 
MMP,Magellan Midstream Partners LP
MMM,3M 
MMS,MAXIMUS 
MMSI,Merit Medical Systems 
MNDL,Mandalay Digital  
MNGA,Magnegas 
MN,Manning & Napier 
MNKD,MannKind 
MNOV,MediciNova 
MNR,Monmouth Real Estate Investment 
MNRK,Monarch Financial  
MNRO,Monro Muffler Brake 
MNST,Monster Beverage 
MNTA,Momenta Pharmaceuticals 
MNTG,MTR Gaming  
MNTX,Manitex International 
MO,Altria  
MOC,Command Security 
MOCO,MOCON 
MOD,Modine Manufacturing 
MODN,Model N 
MOFG,MidWest One Financial  
MOGA,Moog 
MOH,Molina Healthcare 
MOLX,Molex Incorporated
MOLXA,Molex Incorporated
MON,Monsanto 
MORN,Morningstar 
MOS,The Mosaic 
MOSY,MoSys 
MOV,Movado  
MOVE,Move 
MPAA,Motorcar Parts of America 
MPAC,MOD-PAC 
MPB,Mid Penn Bancorp 
MPET,Magellan Petroleum 
MPC,Marathon Petroleum 
MPO,Midstates Petroleum  
MPW,Medical Properties Trust 
MPWR,Monolithic Power Systems 
MPX,Marine Products 
MRC,MRC Global 
MRCY,Mercury Systems 
MRGE,Merge Healthcare Incorporated
MRH,Montpelier Re  
MRIN,Marin Software Incorporated
MRLN,Marlin Business Services 
MRTN,Marten Transport 
MRK,Merck &  
MSCC,Microsemi 
MRVL,Marvell Technology  
MSCI,MSCI 
MSEX,Middlesex Water 
MSFG,Mainsource Financial 
MSFT,Microsoft 
MSG,The Madison Square Garden 
MSL,Midsouth Bancorp 
MSM,MSC Industrial Direct  
MSO,Martha Stewart Living Omnimedia 
MSTR,MicroStrategy 
MTD,Mettler-Toledo International 
MTDR,Matador Resources 
MTG,MGIC Investment 
MTH,Meritage Homes 
MTN,Vail Resorts 
MTOR,Meritor 
MTRN,Materion 
MTRX,Matrix Service 
MTSC,MTS Systems 
MTSI,M/A-Com Technology Solutions  
MTW,The Manitowoc  
MTX,Minerals Technologies 
MTZ,MasTec 
MW,The Men's Wearhouse 
MWA,Mueller Water Products 
MWIV,MWI Veterinary Supply 
MWW,Monster Worldwide 
MXL,MaxLinear 
MXIM,Maxim Integrated Products 
MXWL,Maxwell Technologies 
MYE,Myers Industries 
MYGN,Myriad Genetics 
MYRG,MYR  
N,NetSuite 
NANO,Nanometrics Incorporated
NASB,NASB Financial 
NATI,National Instruments 
NATL,National Interstate 
NATH,Nathan's Famous 
NATR,Nature's Sunshine Products 
NAV,Navistar International 
NAVB,Navidea Biopharmaceuticals Inc
NAVG,Navigators  
NBBC,NewBridge Bancorp
NBIX,Neurocrine Biosciences 
NBTB,NBT Bancorp 
NC,Nacco Industries 
NBTF,
NCBC,New Century Bancorp 
NCI,Navigant Consulting 
NBCB,First NBC Bank Holding 
NCIT,NCI 
NCLH,Norwegian Cruise Line  
NCMI,National CineMedia 
NCQ,NovaCopper 
NCR,NCR 
NCT,Newcastle Investment 
NCS,NCI Building Systems 
NDAQ,The Nasdaq OMX  
NDSN,Nordson 
NE,Noble 
NECB,Northeast Community Bancorp 
NEE,NextEra Energy 
NEM,Newmont Mining 
NEN,New England Realty Associates LP
NEO,Neogenomics 
NEOG,Neogen 
NEON,Neonode 
NES,Nuverra Environmental Solutions 
NEU,NewMarket 
NEWN,New Energy Systems 
NEWP,Newport 
NEWS,NewStar Financial 
NEWT,Newtek Business Services 
NFEC,NF Energy Saving 
NFG,National Fuel Gas 
NFLX,Netflix 
NFSB,Newport Bancorp 
NFX,Newfield Exploration 
NGL,NGL Energy Partners LP
NGLS,Targa Resources Partners LP
NGS,Natural Gas Services  
NGSX,NeurogesX 
NHC,National Healthcare 
NGVC,Natural Grocers by Vitamin Cottage 
NHTB,New Hampshire Thrift Bancshares 
NHI,National Health Investors 
NICK,Nicholas Financial 
NIHD,NII  
NI,NiSource 
NILE,Blue Nile 
NJR,New Jersey Resources 
NKA,Niska Gas Storage Partners LLC
NKE,Nike 
NKSH,National Bankshares 
NKTR,Nektar Therapeutics
NL,NL Industries 
NLP,NTS Realty  LP
NLS,Nautilus 
NLNK,NewLink Genetics 
NLSN,Nielsen  N.V.
NLST,Netlist 
NLY,Annaly Capital Management 
NMRX,Numerex 
NNBR,NN 
NNI,Nelnet 
NNN,National Retail Properties 
NOBH,Nobility Homes 
NOR,Noranda Aluminum Holding 
NOC,Northrop Grumman 
NOV,National Oilwell Varco 
NOVB,North Valley Bancorp
NOW,ServiceNow 
NP,Neenah Paper 
NPBC,National Penn Bancshares 
NPK,National Presto Industries 
NPO,EnPro Industries 
NPSP,NPS Pharmaceuticals 
NPTN,NeoPhotonics 
NR,Newpark Resources 
NRF,NorthStar Realty Finance 
NRG,NRG Energy 
NRIM,Northrim Bancorp 
NRP,Natural Resource Partners LP
NRTLQ,Nortel Networks 
NS,NuStar Energy L.P.
NSC,Norfolk Southern 
NSEC,National Security  
NSH,NuStar GP  LLC
NSFC,Northern States Financial 
NSIT,Insight Enterprises 
NSLP,New Source Energy Partners L.P.
NSM,Nationstar Mortgage  
NSP,Insperity 
NSPH,Nanosphere 
NSR,NeuStar 
NSSC,Napco Security Technologies 
NSYS,Nortech Systems 
NTAP,NetApp 
NTCT,NetScout Systems 
NTGR,Netgear 
NTI,Northern Tier Energy LP
NTIC,Northern Technologies International 
NTN,NTN Buzztime 
NTRS,Northern Trust 
NTS,NTS Inc
NTSC,National Technical Systems 
NTWK,NetSol Technologies 
NU,Northeast Utilities
NUE,Nucor 
NURO,NeuroMetrix 
NUS,Nu Skin Enterprises 
NUTR,Nutraceutical International 
NVDA,NVIDIA 
NVE,NVE 
NVEC,NVE 
NVR,NVR 
NWBI,Northwest Bancshares 
NWBO,Northwest Biotherapeutics 
NWE,Northwestern 
NWFL,Norwood Financial 
NWLI,National Western Life Insurance 
NWPX,Northwest Pipe 
NWY,New York &  
NX,Quanex Building Products 
NXST,Nexstar Broadcasting  
NYCB,New York Community Bancorp 
NYMT,New York Mortgage Trust 
NYNY,Empire Resorts 
O,Realty Income 
OABC,Omniamerican Bancorp 
OAK,Oaktree Capital  LLC
OAS,Oasis Petroleum 
OB,OneBeacon Insurance  
OBAF,OBA Financial Services 
OBCI,Ocean Bio-Chem 
OC,Owens Corning
OCC,Optical Cable 
OCFC,OceanFirst Financial 
OCLR,Oclaro 
OCLS,Oculus Innovative Sciences 
OCR,Omnicare 
OCZ,OCZ Technology  
ODFL,Old Dominion Freight Line 
ODP,Office Depot 
OESX,Orion Energy Systems Inc
OFED,Oconee Federal Financial 
OFG,OFG Bancorp
OFIX,Orthofix International N.V.
OFLX,OmegaFlex 
ODC,Oil-Dri  of America
ORB,Orbital Sciences 
ORBC,ORBCOMM 
ORBT,Orbit International 
ORCL,Oracle 
OREX,Orexigen Therapeutics 
ORI,Old Republic International 
ORLY,O'Reilly Automotive 
ORN,Orion Marine  Inc
ORRF,Orrstown Financial Services 
ORMP,Oramed Pharmaceuticals 
OSBC,Old Second Bancorp 
OSIS,OSI Systems 
OSIR,Osiris Therapeutics 
OSK,Oshkosh 
OSTK,Overstock.com 
OSUR,OraSure Technologies 
OTEX,Open Text 
OTTR,Otter Tail 
OVAS,OvaScience 
OVBC,Ohio Valley Banc 
OVLY,Oak Valley Bancorp
OVRL,Overland Storage 
OVTI,OmniVision Technologies 
OWW,Orbitz Worldwide 
OXBT,Oxygen Biotherapeutics 
OXGN,OXiGENE 
OXF,Oxford Resource Partners L.P.
OXM,Oxford Industries 
OXY,Occidental Petroleum 
OZM,Och-Ziff Capital Management  LLC
PAA,Plains All American Pipeline L.P.
PACB,Pacific Biosciences of California 
PACW,PacWest Bancorp
PAG,Penske Automotive  
PAMT,Parametric Sound 
PANW,Palo Alto Networks 
PAR,PAR Technology 
PARS,Pharmos 
PATH,NuPathe 
PATR,Patriot Transportation Holding 
PATK,Patrick Industries 
PAY,VeriFone Systems 
PAYX,Paychex 
PB,Prosperity Bancshares 
PBCT,People's United Financial 
PBF,PBF Energy 
PBH,Prestige Brands  
PBHC,Pathfinder Bancorp 
PBIB,Porter Bancorp 
PBI,Pitney Bowes 
PBIO,Pressure BioSciences 
PBIP,Prudential Bancorp 
PBSK,Poage Bankshares 
PBY,
PBYI,Puma Biotechnology 
PCAR,PACCAR 
PCBK,Pacific Continental 
PCBS,Provident Community Bancshares 
PCCC,PC Connection 
PCG,
PCL,Plum Creek Timber  
PCLN,The Priceline  
PCMI,PCM 
PCP,Precision Castparts 
PCTI,PCTEL 
PCYG,Park City  
PCYO,Pure Cycle 
PDCE,PDC Energy 
PDCO,Patterson Companies 
PDEX,Pro-Dex 
PDFS,PDF Solutions 
PDLI,PDL BioPharma 
PDII,PDI 
PDO,Pyramid Oil 
PDH,PetroLogistics LP
PEBK,Peoples Bancorp of North Carolina 
PEBO,Peoples Bancorp 
PEB,Pebblebrook Hotel Trust
PEDH,Peoples Educational  
PEG,Public Service Enterprise  
PEGA,Pegasystems 
PEI,Pennsylvania Real Estate Investment Trust
PEIX,Pacific Ethanol 
PENN,Penn National Gaming 
PENX,Penford 
PEP,Pepsico 
PERF,Perfumania  
PERY,Perry Ellis International 
PES,Pioneer Energy Services 
PESI,Perma-Fix Environmental Services 
PETM,PetSmart 
PETS,PetMed Express 
PEOP,Peoples Federal Bancshares 
PF,Pinnacle Foods 
PFBI,Premier Financial Bancorp 
PFBX,Peoples Financial 
PFE,Pfizer 
PFG,Principal Financial  
PFIN,
PFIS,Peoples Financial Services 
PFMT,Performant Financial 
PFPT,Proofpoint 
PFS,Provident Financial Services 
PFSI,PennyMac Financial Services 
PFSW,PFSweb 
PG,The Procter & Gamble 
PGC,Peapack-Gladstone Financial 
PGEM,Ply Gem  Inc
PGI,Premiere Global Services 
PGNX,Progenics Pharmaceuticals 
PGTI,PGT 
PHH,PHH 
PHIIK,PHI 
PHMD,PhotoMedex 
PHX,Panhandle Oil and Gas 
PICO,PICO  
PIKE,Pike 
PII,Polaris Industries 
PIR,Pier 1 Imports 
PJC,Piper Jaffray Companies
PKD,Parker Drilling 
PKE,Park Electrochemical 
PKG,Packaging  of America
PKOH,Park-Ohio  
PKT,Procera Networks 
PL,Protective Life 
PLAB,Photronics 
PLCE,The Children
PLCM,Polycom 
PLMT,Palmetto Bancshares 
PLPC,Preformed Line Products 
PLOW,Douglas Dynamics 
PLXS,Plexus 
PLT,Plantronics 
PLUS,ePlus inc.
PLXT,PLX Technology 
PMC,PharMerica 
PMCS,PMC-Sierra 
PNBC,Princeton National Bancorp 
PMFG,PMFG 
PNBK,Patriot National Bancorp 
PNC,The PNC Financial Services  
PNFP,Pinnacle Financial Partners 
PNK,Pinnacle Entertainment 
PNM,PNM Resources 
PNRA,Panera Bread 
PNRG,PrimeEnergy 
PNW,Pinnacle West Capital 
PNX,The Phoenix Companies 
PNY,Piedmont Natural Gas  
PODD,Insulet 
POL,PolyOne 
POM,Pepco  
POOL,Pool 
POPE,Pope Resources A Delaware Limited Partnership
POST,Post  
POR,Portland General Electric 
POWI,Power Integrations 
POWL,Powell Industries 
POWR,PowerSecure International 
POZN,POZEN 
PPBI,Pacific Premier Bancorp 
PPC,Pilgrim's Pride 
PPG,PPG Industries 
PPHM,Peregrine Pharmaceuticals 
PPL,PPL 
PPO,Polypore International 
PPS,Post Properties 
PQ,PetroQuest Energy 
PRA,ProAssurance 
PRAA,Portfolio Recovery Associates 
PRCP,Perceptron 
PRE,PartnerRe 
PRFT,Perficient 
PRGO,Perrigo  Public Limited 
PRGS,Progress Software 
PRGX,PRGX Global 
PRI,Primerica 
PRIM,Primoris Services 
PRK,Park National 
PRKR,Parkervision 
PRLS,Peerless Systems 
PRMW,Primo Water 
PRO,PROS  
PROV,Provident Financial  
PRPH,ProPhase Labs 
PRSC,Providence Service 
PRLB,Proto Labs 
PRTA,Prothena  plc
PRTS,U.S. Auto Parts Network 
PRU,Prudential Financial 
PRXI,Premier Exhibitions 
PRSS,CafePress 
PSA,Public Storage
PSB,PS Business Parks 
PSBH,PSB  
PSDV,pSivida 
PSEM,Pericom Semiconductor 
PSIX,Power Solutions International 
PSMI,Peregrine Semiconductor 
PSMT,PriceSmart 
PRXL,PAREXEL International 
PSTB,Park Sterling 
PSTI,Pluristem Therapeutics 
PSTR,PostRock Energy 
PSUN,Pacific Sunwear of California 
PSX,Phillips 66
PTEK,PokerTek 
PTGI,PTGi Holding 
PTIE,Pain Therapeutics 
PTEN,Patterson-UTI Energy 
PTIX,Performance Technologies 
PTLA,Portola Pharmaceuticals 
PTNT,Internet Patents 
PTP,Platinum Underwriters  
PTRY,The Pantry 
PTSI,P.A.M. Transportation Services 
PULB,Pulaski Financial 
PULS,Pulse Electronics 
PTX,Pernix Therapeutics  
PVA,Penn Virginia 
PVFC,PVF Capital 
PVH,PVH 
PW,Power REIT
PWOD,Penns Woods Bancorp 
PX,Praxair 
PVTB,PrivateBancorp 
PXLW,Pixelworks 
PXD,Pioneer Natural Resources 
PWX,Providence and Worcester Railroad 
PZG,Paramount Gold and Silver 
PZZI,Pizza Inn  
Q,Quintiles Transnational  
QADA,QAD 
QADB,QAD 
QCCO,QC  
QBAK,Qualstar 
QCOM,QUALCOMM Incorporated
QCOR,Questcor Pharmaceuticals 
QDEL,Quidel 
QCRH,QCR  
QKLS,QKL Stores 
QLGC,QLogic 
QLIK,Qlik Technologies 
QLTI,QLT 
QLTY,Quality Distribution 
QLYS,Qualys 
QNST,QuinStreet 
QRE,QR Energy LP
QSII,Quality Systems 
QTM,Quantum 
QTWW,Quantum Fuel Systems Technologies Worldwide 
QUAD,Quad/Graphics 
QUIK,QuickLogic 
R,Ryder System 
RAD,Rite Aid 
RAI,Reynolds American 
RALY,Rally Software Development 
RAS,RAIT Financial Trust
RATE,Bankrate 
RAVN,Raven Industries 
RAX,Rackspace Hosting 
RBCAA,Republic Bancorp 
RBCN,Rubicon Technology 
RBPAA,Royal Bancshares of Pennsylvania 
RCII,Rent-A-Center 
RCKB,Rockville Financial 
RCKY,Rocky Brands 
RCL,Royal Caribbean Cruises 
RCON,Recon Technology 
RCPT,Receptos 
RDC,Rowan Companies plc
RDI,Reading International 
RDEN,Elizabeth Arden 
RDIB,Reading International 
RDNT,RadNet 
RE,Everest Re  
RECN,Resources Connection 
REED,REEDS 
REFR,Research Frontiers 
REG,Regency Centers 
REGN,Regeneron Pharmaceuticals 
REIS,Reis 
RELL,Richardson Electronics 
RELV,Reliv International 
REMY,Remy International 
REN,Resolute Energy 
RENT,Rentrak 
RES,RPC 
RESI,Altisource Residential 
REX,REX American Resources 
REXI,Resource America 
REXX,Rex Energy 
RF,Regions Financial 
RFIL,RF Industries 
RFMD,RF Micro Devices 
RFP,Resolute Forest Products 
RGA,Reinsurance  of America 
RGC,Regal Entertainment 
RGCO,RGC Resources 
RGDX,Response Genetics Inc
RGEN,Repligen 
RGLS,Regulus Therapeutics 
RGLD,Royal Gold 
RGP,Regency Energy Partners LP
RGR,Sturm Ruger &  
RGS,Regis 
RH,Restoration Hardware  
RHI,Robert Half International 
RHT,Red Hat 
RICK,Rick's Cabaret International 
RIGL,Rigel Pharmaceuticals 
RIMG,Rimage 
RIVR,River Valley Bancorp
RJF,Raymond James Financial 
RKT,Rock-Tenn 
RKUS,Ruckus Wireless 
RL,Ralph Lauren 
RLD,RealD 
RLGT,Radiant Logistics 
RLGY,Realogy  
RLH,Red Lion Hotels 
RLI,RLI 
RLJE,RLJ Entertainment 
RLOG,Rand Logistics 
RM,Regional Management 
RMBS,Rambus 
RMCF,Rocky Mountain Chocolate Factory 
RMD,ResMed 
RMKR,Rainmaker Systems 
RNDY,Roundy's 
RNF,Rentech Nitrogen Partners L.P.
RNIN,Wireless Ronin Technologies 
RNN,Rexahn Pharmaceuticals 
RNO,Rhino Resource Partners LP
RNR,RenaissanceRe  
RNST,Renasant 
RNWK,RealNetworks 
ROC,Rockwood  
ROCM,Rochester Medical 
ROG,Rogers 
ROIA,Radio One 
ROIAK,Radio One 
ROIC,Retail Opportunity Investments 
ROK,Rockwell Automation 
ROL,Rollins 
ROLL,RBC Bearings 
ROMA,Roma Financial 
ROP,Roper Industries 
ROSE,Rosetta Resources 
ROST,Ross Stores 
ROVI,Rovi 
ROX,Castle Brands 
RP,RealPage 
RPAI,Retail Properties of America 
RPM,RPM International 
RPRX,Repros Therapeutics 
RPT,Ramco-Gershenson Properties Trust
RPTP,Raptor Pharmaceuticals 
RPXC,RPX 
RRD,R.R. Donnelley & Sons 
RRC,Range Resources 
RRGB,Red Robin Gourmet Burgers 
RRTS,Roadrunner Transportation Systems 
RSE,Rouse Properties 
RSG,Republic Services 
RSH,RadioShack 
RSOL,Real Goods Solar 
RSYS,RadiSys 
RTI,RTI International Metals 
RTIX,RTI Surgical 
RTK,Rentech 
RTN,Raytheon 
RUE,rue21 
RUSHA,Rush Enterprises 
RUSHB,Rush Enterprises 
RVLT,Revolution Lighting Technologies 
RVP,Retractable Technologies 
RVM,Revett Mining  
RVSB,Riverview Bancorp 
RVBD,Riverbed Technology 
RXN,Rexnord 
RYL,Ryland  
RYN,Rayonier 
SAAS,inContact 
SAH,Sonic Automotive 
SAFM,Sanderson Farms 
SAL,Salisbury Bancorp 
SAM,Boston Beer  
SANM,Sanmina 
SANW,
RJET,Republic Airways  
SAPE,Sapient 
SASR,Sandy Spring Bancorp 
SALM,Salem Communications 
SATS,EchoStar 
SAVE,Spirit Airlines 
SBAC,SBA Communications 
SBCF,Seacoast Banking  of Florida
SBGI,Sinclair Broadcast  
SBH,Sally Beauty  
SBSA,Spanish Broadcasting System 
SBSI,Southside Bancshares 
SBUX,Starbucks 
SCCO,Southern Copper 
SCEI,Sino Clean Energy Inc
SCG,SCANA 
SCHL,Scholastic 
SCHW,The Charles Schwab 
RSTI,Rofin-Sinar Technologies 
SCI,Service  International
SCHN,Schnitzer Steel Industries 
SCIL,Scientific Learning 
SCKT,Socket Mobile 
SCL,Stepan 
SCLN,SciClone Pharmaceuticals 
SCMR,Sycamore Networks 
SCON,Superconductor Technologies 
SCOR,comScore 
SCS,Steelcase 
SCSC,ScanSource 
SCSS,Select Comfort 
SCTY,SolarCity 
SCU,Scana  SCANA CORPORA
SCX,The L.S. Starrett 
SD,SandRidge Energy 
SCVL,Shoe Carnival 
SE,Spectra Energy 
SEAC,SeaChange International 
SBBX,Sussex Bancorp
SEB,Seaboard 
SEAS,SeaWorld Entertainment 
SEE,Sealed Air 
SEIC,SEI Investments 
SEM,Select Medical  
SEMG,Sem 
SENEA,Seneca Foods 
SENEB,Seneca Foods 
SEV,Sevcon 
SF,Stifel Financial 
SFE,Safeguard Scientifics 
SFG,StanCorp Financial  
SFLY,Shutterfly 
SFNC,Simmons First National 
SGA,Saga Communications 
SGB,Southwest Georgia Financial 
SGC,Superior Uniform  
SGI,Silicon Graphics International 
SGEN,Seattle Genetics 
SGMA,SigmaTron International 
SGMO,Sangamo Biosciences 
SGNT,Sagent Pharmaceuticals 
SGMS,Scientific Games 
SGY,Stone Energy 
SGYP,Synergy Pharmaceuticals 
SHLD,Sears  
SHEN,Shenandoah Telecommunications 
SHLM,A. Schulman 
SHLO,Shiloh Industries 
SHOO,Steven Madden 
SHOR,ShoreTel 
SIG,Signet Jewelers Limited
SHOS,Sears Hometown and Outlet Stores 
SIGA,SIGA Technologies 
SIGM,Sigma Designs 
SIMG,Silicon Image 
SIRO,Sirona Dental Systems 
SIVB,SVB Financial 
SIX,Six Flags Entertainment 
SJI,South Jersey Industries 
SJW,SJW 
SKH,Skilled Healthcare  
SKT,Tanger Factory Outlet Centers 
SKUL,Skullcandy 
SKX,Skechers USA 
SKY,Skyline 
SKYW,SkyWest 
SLAB,Silicon Laboratories 
SLB,Schlumberger Limited
SLCA,U.S. Silica  
SLG,SL Green Realty 
SLGN,Silgan  
SLH,Solera  
SLI,SL Industries 
SLM,SLM 
SLMAP,SLM 
SLP,Simulations Plus 
SLTC,Selectica 
SLTM,Solta Medical 
SLXP,Salix Pharmaceuticals 
SM,SM Energy 
SMA,Symmetry Medical 
SMED,Sharps Compliance 
SMCI,Super Micro Computer 
SMG,The Scotts Miracle-Gro 
SMIT,Schmitt Industries 
SMLP,Summit Midstream Partners LP
SMMF,Summit Financial  
SMP,Standard Motor Products 
SMPL,Simplicity Bancorp 
SMRT,Stein Mart 
SMSI,Smith Micro Software 
SMTC,Semtech 
SMTX,SMTC 
SN,Sanchez Energy 
SNA,Snap-on 
SNAK,Inventure Foods 
SNBC,Sun Bancorp 
SNCR,Synchronoss Technologies 
SNDK,SanDisk 
SNFCA,Security National Financial 
SNH,Senior Housing Properties Trust
SNI,Scripps Networks Interactive 
SNMX,Senomyx 
SNPS,Synopsys 
SNTA,Synta Pharmaceuticals 
SNTS,Santarus 
SNSS,Sunesis Pharmaceuticals 
SNV,Synovus Financial 
SNX,SYNNEX 
SO,Southern 
SOCB,Southcoast Financial 
SOFO,Sonic Foundry 
SOHU,Sohu.com 
SON,Sonoco Products 
SONA,Southern National Bancorp of Virginia 
SONC,Sonic 
SONS,Sonus Networks 
SONT,Seen On Screen TV 
SORL,SORL Auto Parts 
SPA,Sparton 
SPAN,Span-America Medical Systems 
SPAR,Spartan Motors 
SPB,Spectrum Brands  
SPBC,SP Bancorp 
SPCHA,Sport Chalet 
SPCHB,Sport Chalet 
SPEX,Spherix Incorporated
SPF,Standard Pacific 
SPG,Simon Property  
SPH,Suburban Propane Partners L.P.
SPLK,Splunk 
SPIR,Spire 
SPLP,Steel Partners  L.P
SPLS,Staples 
SPN,Superior Energy Services 
SPNC,The Spectranetics 
SPPI,Spectrum Pharmaceuticals 
SPR,Spirit AeroSystems  
SPRO,SmartPros 
SPRT,Support.com 
SPSC,SPS Commerce 
SPU,SkyPeople Fruit Juice 
SPTN,Spartan Stores 
SPW,SPX 
SPWR,SunPower 
SQI,SciQuest 
SQNM,Sequenom 
SR,The Standard Register 
SRCE,1st Source 
SRDX,SurModics 
SRCL,Stericycle 
SREV,ServiceSource International 
SRE,Sempra Energy
SRI,Stoneridge 
SRPT,Sarepta Therapeutics 
SRT,StarTek 
SSD,Simpson Manufacturing  
SSI,Stage Stores 
SSFN,Stewardship Financial 
SSN,Samson Oil & Gas Limited
SSNC,
SSNI,Silver Spring Networks 
SSP,The E. W. Scripps 
SSS,Sovran Self Storage 
SSTK,Shutterstock 
SSY,SunLink Health Systems 
ST,Sensata Technologies Holding NV
STAA,STAAR Surgical 
STAG,STAG Industrial 
STBA,
STBZ,State Bank Financial 
STC,Stewart Information Services 
STE,Steris 
STEC,STEC 
STEI,Stewart Enterprises 
STEL,StellarOne 
STEM,StemCells 
STFC,State Auto Financial 
STI,SunTrust Banks 
STJ,St. Jude Medical 
STL,Sterling Bancorp.
SNHY,Sun Hydraulics 
STLD,Steel Dynamics 
STLY,Stanley Furniture  
STML,Stemline Therapeutics 
STND,Standard Financial 
STMP,Stamps.com 
STNR,Steiner Leisure 
STR,Questar 
STON,Stonemor Partners LP
STRA,Strayer Education 
STRI,STR  
STRL,Sterling Construction  
STRM,Streamline Health Solutions 
STRN,Sutron 
STRS,Stratus Properties 
STRT,STRATTEC Security 
STRZA,Starz
STSA,Sterling Financial 
STS,Supreme Industries 
STRZB,Starz
STSI,Star Scientific 
STX,Seagate Technology Public Limited 
STXS,Stereotaxis 
STZ,Constellation Brands 
SUBK,Suffolk Bancorp
SUI,Sun Communities 
SUMR,Summer Infant 
SUNE,SunEdison 
SUP,Superior Industries International 
SUPX,Supertex 
SURG,Synergetics USA 
SUPN,Supernus Pharmaceuticals 
SUSP,Susser Petroleum Partners LP
SUSQ,Susquehanna Bancshares 
SUTR,Sutor Technology  Limited
SVBL,Silver Bull Resources 
SVBI,Severn Bancorp 
SVT,Servotronics 
SVU,SUPERVALU 
SWC,Stillwater Mining 
SWFT,Swift Transportation 
SWHC,Smith & Wesson Holding 
SWI,SolarWinds 
SWK,Stanley Black & Decker 
SWKS,Skyworks Solutions 
SWM,Schweitzer-Mauduit International 
SWN,Southwestern Energy 
SWS,SWS  
SWX,Southwest Gas 
SWY,Safeway 
SXC,SunCoke Energy 
SXE,Southcross Energy Partners L.P.
SXI,Standex International 
SXL,Sunoco Logistics Partners L.P.
SXT,Sensient Technologies 
SYA,Symetra Financial 
SYBT,Stock Yards Bancorp 
SYK,Stryker 
SYKE,Sykes Enterprises Incorporated
SYMC,Symantec 
SYMM,Symmetricom 
SYMX,Synthesis Energy Systems 
SYN,Synthetic Biologics 
SYNA,Synaptics 
SYNC,Synacor 
SYNM,Syntroleum 
SYPR,Sypris Solutions 
SYRG,Synergy Resources 
SYUT,Synutra International 
SYY,Sysco 
SZYM,Solazyme 
T,
TA,TravelCenters of America LLC
TACT,TransAct Technologies Incorporated
TAIT,Taitron Components 
TAL,TAL International  
TAP,Molson Coors Brewing 
TASR,TASER International 
TAST,Carrols Restaurant  
TAT,TransAtlantic Petroleum 
TAX,JTH Holding 
TAYC,Taylor Capital  
TAYCP,Taylor Capital  
TAYD,Taylor Devices 
TBAC,Tandy Brands Accessories 
TBI,TrueBlue 
TBNK,Territorial Bancorp 
TBOW,Trunkbow International  
TBIO,Transgenomic 
TC,Thompson Creek Metals  
TCB,TCF Financial 
TCBI,Texas Capital BancShares 
TCBK,TriCo Bancshares
TCCO,Technical Communications 
TCI,Transcontinental Realty Investors 
TCO,Taubman Centers 
TCP,TC PipeLines LP
TDC,Teradata 
TDW,Tidewater 
TDG,TransDigm  Incorporated
TDY,Teledyne Technologies 
TE,TECO Energy 
TECD,Tech Data 
TECH,Techne 
TEAR,TearLab 
TECUA,Tecumseh Products 
TECUB,Tecumseh Products 
TEG,Integrys Energy  
TEL,TE Connectivity 
TELK,Telik 
TER,Teradyne 
TEN,Tenneco 
TESS,TESSCO Technologies 
TESO,Tesco 
TEX,Terex 
TFCO,Tufco Technologies 
TFM,The Fresh Market 
TFSL,TFS Financial Corp
TGC,Tengasco 
TFX,Teleflex Incorporated
TG,Tredegar 
TGE,TGC Industries 
TGI,Triumph  
TGT,Target 
THC,Tenet Healthcare 
THFF,First Financial 
THG,The Hanover Insurance  
THLD,Threshold Pharmaceuticals 
THO,Thor Industries 
THI,Tim Hortons 
THOR,Thoratec 
THR,Thermon   
THRD,TF Financial 
THRM,Gentherm Incorporated
THRX,Theravance 
THS,Treehouse Foods 
THTI,THT Heat Transfer Technology 
TIBX,TIBCO Software 
TIF,Tiffany & 
TIGR,TigerLogic 
TIK,Tel-Instrument Electronics 
TIS,Orchids Paper Products 
TISI,Team 
TITN,Titan Machinery 
TIVO,TiVo 
TJX,The TJX Companies 
TKOI,Telkonet 
TKR,Timken 
TLAB,Tellabs 
TLF,Tandy Leather Factory 
TLLP,Tesoro Logistics LP
TLR,Timberline Resources 
TLYS,Tilly's 
TMH,Team Health  
TMHC,Taylor Morrison Home 
TAM,Taminco 
TMNG,The Management Network  
TMO,Thermo Fisher Scientific 
TMP,Tompkins Financial 
TNAV,Telenav 
TNC,Tennant 
TNGN,Tengion 
TNGO,Tangoe 
TNH,Terra Nitrogen  L.P.
TOF,Tofutti Brands 
TOFC,Tower Financial 
TOL,Toll Brothers 
TORM,TOR Minerals International 
TOWR,Tower International 
TPC,Tutor Perini 
TPH,TRI Pointe Homes 
TPL,Texas Pacific Land Trust
TPLM,Triangle Petroleum 
TPX,Tempur Sealy International 
TQNT,TriQuint Semiconductor 
TR,Tootsie Roll Industries 
TRAK,Dealertrack Technologies 
TREE,Tree.Com 
TREX,Trex  
TRC,Tejon Ranch 
TRGT,Targacept 
TRIP,TripAdvisor 
TRIT,Tri-Tech Holding 
TRLA,Trulia 
TRLG,True Religion Apparel 
TRMB,Trimble Navigation Limited
TRMK,Trustmark 
TRNO,Terreno Realty 
TRNS,Transcat 
TROV,TrovaGene 
TRNX,Tornier N.V.
TROVU,TrovaGene 
TROW,T. Rowe Price  
TRR,TRC Companies 
TRST,TrustCo Bank  NY
TRT,Trio-Tech International
TRV,The Travelers Companies 
TRXI,TRX 
TRW,TRW Automotive  
TSBK,Timberland Bancorp 
TSC,Tristate Capital  
TSCO,Tractor Supply 
TSH,Teche Holding 
TSO,Tesoro 
TSLA,Tesla Motors 
TSPT,Transcept Pharmaceuticals 
TSRA,Tessera Technologies 
TSN,Tyson Foods 
TSRO,Tesaro 
TSYS,TeleCommunication Systems 
TTC,Toro 
TTEC,TeleTech  
TTEK,Tetra Tech 
TTGT,TechTarget 
TTI,TETRA Technologies 
TTMI,TTM Technologies 
TTPH,Tetraphase Pharmaceuticals 
TTWO,Take-Two Interactive Software 
TUES,Tuesday Morning 
TUMI,Tumi  
TUP,Tupperware Brands 
TW,Towers Watson & 
TWC,Time Warner Cable 
TWER,Towerstream 
TWIN,Twin Disc Incorporated
TWMC,Trans World Entertainment 
TWI,Titan International 
TWO,Two Harbors Investment 
TWTC,TW Telecom 
TWX,Time Warner 
TXI,Texas Industries 
TXN,Texas Instruments 
TXRH,Texas Roadhouse 
TXT,Textron 
TYC,Tyco International 
TYL,Tyler Technologies 
TYPE,Monotype Imaging  
TZOO,Travelzoo 
UACL,Universal Truckload Services 
UAHC,United American Healthcare 
UA,Under Armour 
UAL,United Continental  
UAM,Universal American Corp
UAMY,United States Antimony 
UAN,CVR Partners LP
UBA,Urstadt Biddle Properties 
UBCP,United Bancorp 
UBFO,United Security Bancshares
UBNK,United Financial Bancorp 
UBNT,Ubiquiti Networks 
UBOH,United Bancshares 
UBP,Urstadt Biddle Properties 
UBSH,Union Bankshares 
UBSI,United Bankshares 
UCFC,United Community Financial 
UCI,UBS E-TRACS CMCI TR ETN
UCTT,Ultra Clean  
UDR,UDR 
UEC,Uranium Energy 
UEIC,Universal Electronics 
UEPS,Net 1 Ueps Technologies 
UFCS,United Fire  Inc
UFI,Unifi 
UFPI,Universal Forest Products 
UFPT,UFP Technologies 
UFS,Domtar 
UG,United-Guardian 
UHAL,AMERCO
UGI,UGI 
UHT,Universal Health Realty Income Trust
UIHC,United Insurance  
UIL,UIL  
UIS,Unisys 
UHS,Universal Health Services 
ULBI,Ultralife 
ULGX,Urologix 
ULTA,ULTA Salon Cosmetics & Fragrance 
ULTI,The Ultimate Software  
UMPQ,Umpqua  
UNAM,Unico American 
UNB,Union Bankshares 
UNF,UniFirst 
UNFI,United Natural Foods 
UNH,UnitedHealth  Incorporated
UNIS,Unilife 
UNM,Unum 
UNP,Union Pacific 
UNS,UNS Energy 
UNTD,United Online 
UNTK,UniTek Global Services 
UNTY,Unity Bancorp 
UPI,Uroplasty 
UPIP,Unwired Planet 
UPL,Ultra Petroleum 
UPS,United Parcel Service 
UQM,UQM Technologies 
URBN,Urban Outfitters 
URG,UR-Energy 
URI,United Rentals 
URRE,Uranium Resources 
URS,URS 
URZ,Uranerz Energy 
USAK,USA Truck 
USAP,Universal Stainless & Alloy Products 
USAT,USA Technologies 
USATP,USA Technologies 
USB,U.S. Bancorp
USBI,United Security Bancshares 
USEG,US Energy 
USG,USG 
USLM,United States Lime & Minerals 
USMD,USMD  
USMO,USA Mobility 
USNA,USANA Health Sciences 
USTR,United Stationers 
USU,USEC 
UTEK,Ultratech 
UTI,Universal Technical Institute 
UTHR,United Therapeutics 
UTIW,UTi Worldwide 
UTL,Unitil 
UTX,United Technologies 
UUU,Universal Security Instruments 
UVSP,Univest  of Pennsylvania
UVV,Universal 
UWN,Nevada Gold & Casinos 
V,Visa 
VAC,Marriott Vacations Worldwide 
VAL,The Valspar 
VALU,Value Line 
VALV,Shengkai Innovations 
VAR,Varian Medical Systems 
VASC,Vascular Solutions 
VASO,Vasomedical 
VBFC,Village Bank & Trust Financial 
VC,Visteon 
VCBI,Virginia Commerce Bancorp 
VCLK,Conversant 
VCRA,Vocera Communications 
VDSI,VASCO Data Security International 
VECO,Veeco Instruments 
VG,Vonage  
VGZ,Vista Gold 
VHC,VirnetX Holding Corp
VHI,Valhi 
VIA,Viacom 
VIAB,Viacom 
VIAS,Viasystems  
VICL,Vical Incorporated
VICR,Vicor 
VIDE,Video Display 
VIFL,Food Technology Service 
VII,Vicon Industries 
VIRC,Virco Mfg. 
VIVO,Meridian Bioscience 
VLGEA,Village Super Market 
VITC,Vitacost.com 
VLO,Valero Energy 
VLTR,Volterra Semiconductor 
VLY,Valley National Bancorp
VMC,Vulcan Materials 
VMI,Valmont Industries 
VNDA,Vanda Pharmaceuticals 
VNO,Vornado Realty Trust
VNTV,Vantiv 
VOCS,Vocus 
VOLC,Volcano 
VOXX,VOXX International 
VOYA,Voya Financial 
VPG,Vishay Precision  
VPHM,ViroPharma 
VPRT,Vistaprint N.V.
VRA,Vera Bradley 
VRML,Vermillion 
VRNM,Verenium 
VRNT,Verint Systems 
VRS,Verso Paper 
VRSK,Verisk Analytics 
VRSN,VeriSign 
VRTA,Vestin Realty Mortgage I Inc
VRTB,Vestin Realty Mortgage II 
VRTS,Virtus Investment Partners 
VRTU,Virtusa 
VRTX,Vertex Pharmaceuticals Incorporated
VSAT,ViaSat 
VSBN,VSB Bancorp 
VSCI,Vision-Sciences 
VSEC,VSE 
VSH,Vishay Intertechnology 
VSR,Versar 
VSTM,Verastem 
VTNC,Vitran Corp 
VTNR,Vertex Energy 
VTR,Ventas 
VTSS,Vitesse Semiconductor 
VTUS,Ventrus Biosciences 
VVUS,VIVUS 
VVTV,ValueVision Media 
VVC,Vectren 
VYFC,Valley Financial 
VZ,Verizon Communications 
WAB,Westinghouse Air Brake Technologies 
WABC,Westamerica Bancorp.
WAFD,Washington Federal 
WAG,Walgreen 
WAGE,WageWorks 
WAIR,Wesco Aircraft  
WAL,Western Alliance Bancorporation
WAT,Waters 
WAVE,NEXTWAVE WIRLESS
WAVX,Wave Systems 
WAYN,Wayne Savings Bancshares 
WBCO,Washington Banking 
WBMD,WebMD Health 
WBS,Webster Financial 
WCC,WESCO International 
WCG,WellCare Health Plans 
WCN,Waste Connections 
WCRX,Warner Chilcott plc
WD,Walker & Dunlop 
WDAY,Workday 
WDC,Western Digital 
WDFC,WD-40 
WDR,Waddell & Reed Financial 
WEC,Wisconsin Energy 
WEN,The Wendy's 
WEST,Andalay Solar 
WEBK,Wellesley Bancorp 
WETF,WisdomTree Investments 
WFBI,WashingtonFirst Bankshares 
WEYS,Weyco  
WFD,Westfield Financial 
WFM,Whole Foods Market 
WFC,Wells Fargo & 
WFT,Weatherford International 
WG,Willbros  
WGA,Wells-Gardner Electronics 
WGL,WGL  
WGO,Winnebago Industries 
WHG,Westwood   
WHLR,Wheeler Real Estate Investment Trust 
WHR,Whirlpool 
WIBC,Wilshire Bancorp 
WIFI,Boingo Wireless 
WINA,Winmark 
WIRE,Encore Wire 
WLB,Westmoreland Coal 
WLBPZ,Westmoreland Coal 
WLDN,Willdan  
WLH,William Lyon Homes
WLFC,Willis Lease Finance 
WLL,Whiting Petroleum 
WLP,WellPoint 
WLT,Walter Energy 
WM,Waste Management 
WMAR,West Marine 
WLK,Westlake Chemical 
WMB,Williams Companies 
WMGI,Wright Medical  
WMK,Weis Markets 
WMT,Wal-Mart Stores 
WOR,Worthington Industries 
WPCS,WPCS International Incorporated
WPX,WPX Energy 
WPZ,Williams Partners L.P.
WRD,Weingarten Realty Investors
WRE,Washington Real Estate Investment Trust
WRES,Warren Resources 
WRI,Weingarten Realty Investors
WRLD,World Acceptance 
WSBC,WesBanco 
WSBF,Waterstone Financial 
WSCI,WSI Industries 
WSM,Williams-Sonoma 
WSFS,WSFS Financial 
WSO,Watsco 
WST,West Pharmaceutical Services 
WSTC,West 
WSTL,Westell Technologies 
WTBA,West Bancorp. 
WSTG,Wayside Technology  
WTFC,Wintrust Financial 
WTI,
WTM,White Mountains Insurance  
WTR,Aqua America 
WTS,Watts Water Technologies 
WTSL,The Wet Seal 
WTT,Wireless Telecom  
WU,The Western Union 
WUHN,Wuhan General 
WVFC,WVS Financial 
WVVI,Willamette Valley Vineyards 
WWAV,The WhiteWave Foods 
WWD,Woodward 
WWE,World Wrestling Entertainment 
WWW,Wolverine World Wide 
WWWW,Web.com  
WY,Weyerhaeuser 
WYN,Wyndham Worldwide 
WYNN,Wynn Resorts 
WYY,WidePoint 
X,United States Steel 
XBKS,Xenith Bankshares 
XEC,Cimarex Energy 
XEL,Xcel Energy 
XL,XL  plc
XLNX,Xilinx 
XNPT,Xenoport 
XOM,Exxon Mobil 
XOMA,XOMA 
XONE,The ExOne 
XOOM,Xoom 
XOXO,XO  
XPLR,Xplore Technologies 
XPO,XPO Logistics 
XRAY,DENTSPLY International 
XRM,Xerium Technologies 
XRSC,XRS 
XRX,Xerox 
XWES,World Energy Solutions 
XXIA,Ixia
XYL,Xylem 
Y,Alleghany 
YDKN,Yadkin Financial 
YELP,Yelp 
YHOO,Yahoo! 
YOD,YOU On Demand  
YONG,Yongye International 
YUM,Yum! Brands 
Z,Zillow 
ZAGG,ZAGG Inc
ZAZA,ZaZa Energy 
ZBB,ZBB Energy 
ZBRA,Zebra Technologies 
ZEP,Zep 
ZEUS,Olympic Steel 
ZHNE,Zhone Technologies 
ZIGO,Zygo 
ZINC,Horsehead Holding 
ZION,Zions Bancorporation
ZIPR,zipRealty 
ZIOP,ZIOPHARM Oncology 
ZIXI,Zix 
ZLC,Zale 
ZLCS,Zalicus 
ZLTQ,ZELTIQ Aesthetics 
ZMH,Zimmer  
ZN,Zion Oil & Gas 
ZNGA,Zynga 
ZOLT,Zoltek Companies 
ZOOM,ZOOM Technologies 
ZQK,Quiksilver 
ZUMZ,Zumiez 
